RAM 4140/31921MB (lfb 3320x4MB) SWAP 0/15960MB (cached 0MB) CPU [50%@1496,0%@1899,50%@1958,0%@1958,off,off,off,off] EMC_FREQ 2%@665 GR3D_FREQ 0%@318 APE 150 MTS fg 0% bg 3% AO@25C GPU@24C Tdiode@26C PMIC@50C AUX@24C CPU@25C thermal@24.15C Tboard@26C GPU 465/465 CPU 930/930 SOC 1085/1085 CV 0/0 VDDRQ 465/465 SYS5V 1808/1808
RAM 4140/31921MB (lfb 3320x4MB) SWAP 0/15960MB (cached 0MB) CPU [25%@1190,33%@1190,50%@1190,25%@1266,off,off,off,off] EMC_FREQ 2%@665 GR3D_FREQ 9%@318 APE 150 MTS fg 1% bg 17% AO@24.5C GPU@24C Tdiode@26C PMIC@50C AUX@24C CPU@25C thermal@24.15C Tboard@26C GPU 465/465 CPU 930/930 SOC 1085/1085 CV 0/0 VDDRQ 465/465 SYS5V 1808/1808
RAM 4141/31921MB (lfb 3320x4MB) SWAP 0/15960MB (cached 0MB) CPU [100%@2188,0%@2188,66%@2187,50%@2188,off,off,off,off] EMC_FREQ 1%@1331 GR3D_FREQ 16%@318 APE 150 MTS fg 10% bg 0% AO@24.5C GPU@24C Tdiode@26C PMIC@50C AUX@24C CPU@25.5C thermal@24.15C Tboard@26C GPU 465/465 CPU 1084/981 SOC 1084/1084 CV 0/0 VDDRQ 465/465 SYS5V 1848/1821
RAM 4141/31921MB (lfb 3320x4MB) SWAP 0/15960MB (cached 0MB) CPU [50%@2187,0%@2187,66%@2187,0%@2187,off,off,off,off] EMC_FREQ 1%@1331 GR3D_FREQ 17%@318 APE 150 MTS fg 0% bg 12% AO@24.5C GPU@24C Tdiode@26C PMIC@50C AUX@24C CPU@25.5C thermal@24.15C Tboard@26C GPU 465/465 CPU 1084/1007 SOC 1084/1084 CV 0/0 VDDRQ 465/465 SYS5V 1848/1828
RAM 4141/31921MB (lfb 3320x4MB) SWAP 0/15960MB (cached 0MB) CPU [25%@1343,40%@1344,100%@1343,25%@1344,off,off,off,off] EMC_FREQ 3%@665 GR3D_FREQ 10%@318 APE 150 MTS fg 0% bg 10% AO@24.5C GPU@24C Tdiode@26C PMIC@50C AUX@24C CPU@25C thermal@24.15C Tboard@26C GPU 465/465 CPU 1239/1053 SOC 1084/1084 CV 0/0 VDDRQ 465/465 SYS5V 1848/1832
RAM 4141/31921MB (lfb 3320x4MB) SWAP 0/15960MB (cached 0MB) CPU [0%@1178,0%@1176,0%@1177,0%@1176,off,off,off,off] EMC_FREQ 3%@665 GR3D_FREQ 3%@318 APE 150 MTS fg 0% bg 5% AO@24.5C GPU@24C Tdiode@26C PMIC@50C AUX@24C CPU@25C thermal@24.15C Tboard@26C GPU 465/465 CPU 1239/1084 SOC 1084/1084 CV 0/0 VDDRQ 465/465 SYS5V 1848/1834
RAM 4141/31921MB (lfb 3320x4MB) SWAP 0/15960MB (cached 0MB) CPU [33%@1190,0%@1190,0%@1190,0%@1190,off,off,off,off] EMC_FREQ 3%@665 GR3D_FREQ 0%@318 APE 150 MTS fg 0% bg 7% AO@24.5C GPU@24C Tdiode@25.75C PMIC@50C AUX@24C CPU@25C thermal@24.15C Tboard@26C GPU 465/465 CPU 1084/1084 SOC 1084/1084 CV 0/0 VDDRQ 465/465 SYS5V 1848/1836
RAM 4141/31921MB (lfb 3320x4MB) SWAP 0/15960MB (cached 0MB) CPU [40%@2187,50%@2187,50%@2187,100%@2187,off,off,off,off] EMC_FREQ 3%@665 GR3D_FREQ 0%@318 APE 150 MTS fg 0% bg 27% AO@25C GPU@24C Tdiode@25.75C PMIC@50C AUX@24C CPU@25.5C thermal@24.15C Tboard@26C GPU 465/465 CPU 1239/1103 SOC 1084/1084 CV 0/0 VDDRQ 465/465 SYS5V 1848/1838
RAM 4141/31921MB (lfb 3320x4MB) SWAP 0/15960MB (cached 0MB) CPU [60%@2187,0%@2187,33%@2187,25%@2130,off,off,off,off] EMC_FREQ 1%@1331 GR3D_FREQ 74%@318 APE 150 MTS fg 0% bg 7% AO@25C GPU@24C Tdiode@25.75C PMIC@50C AUX@24C CPU@25C thermal@24.15C Tboard@26C GPU 619/482 CPU 1394/1135 SOC 1084/1084 CV 0/0 VDDRQ 465/465 SYS5V 1889/1843
RAM 4141/31921MB (lfb 3320x4MB) SWAP 0/15960MB (cached 0MB) CPU [50%@2187,25%@2187,0%@2187,80%@2187,off,off,off,off] EMC_FREQ 1%@1331 GR3D_FREQ 30%@318 APE 150 MTS fg 0% bg 5% AO@25C GPU@24C Tdiode@25.75C PMIC@50C AUX@24C CPU@25C thermal@24.15C Tboard@26C GPU 619/495 CPU 1394/1161 SOC 1084/1084 CV 0/0 VDDRQ 465/465 SYS5V 1889/1848
RAM 4141/31921MB (lfb 3320x4MB) SWAP 0/15960MB (cached 0MB) CPU [0%@2187,33%@2187,66%@2187,33%@2187,off,off,off,off] EMC_FREQ 1%@1331 GR3D_FREQ 74%@318 APE 150 MTS fg 0% bg 11% AO@25C GPU@24.5C Tdiode@25.75C PMIC@50C AUX@24C CPU@25C thermal@24.15C Tboard@26C GPU 619/507 CPU 1394/1182 SOC 1239/1098 CV 0/0 VDDRQ 465/465 SYS5V 1929/1855
RAM 4141/31921MB (lfb 3320x4MB) SWAP 0/15960MB (cached 0MB) CPU [25%@2188,0%@2188,50%@2187,0%@2187,off,off,off,off] EMC_FREQ 1%@1331 GR3D_FREQ 13%@318 APE 150 MTS fg 0% bg 5% AO@24.5C GPU@24C Tdiode@25.75C PMIC@50C AUX@24C CPU@25C thermal@24.45C Tboard@26C GPU 619/516 CPU 1394/1200 SOC 1239/1110 CV 0/0 VDDRQ 465/465 SYS5V 1929/1861
RAM 4141/31921MB (lfb 3320x4MB) SWAP 0/15960MB (cached 0MB) CPU [33%@1190,50%@1190,0%@1190,0%@1190,off,off,off,off] EMC_FREQ 4%@665 GR3D_FREQ 2%@318 APE 150 MTS fg 0% bg 4% AO@25C GPU@24C Tdiode@26.25C PMIC@50C AUX@24C CPU@25C thermal@24.45C Tboard@26C GPU 619/524 CPU 1394/1215 SOC 1239/1119 CV 0/0 VDDRQ 465/465 SYS5V 1929/1866
RAM 4141/31921MB (lfb 3320x4MB) SWAP 0/15960MB (cached 0MB) CPU [33%@1190,33%@1190,0%@1190,33%@1190,off,off,off,off] EMC_FREQ 3%@665 GR3D_FREQ 0%@318 APE 150 MTS fg 0% bg 19% AO@25C GPU@24C Tdiode@26.25C PMIC@50C AUX@24C CPU@25C thermal@24.45C Tboard@26C GPU 619/531 CPU 1394/1228 SOC 1084/1117 CV 0/0 VDDRQ 465/465 SYS5V 1889/1868
RAM 4144/31921MB (lfb 3320x4MB) SWAP 0/15960MB (cached 0MB) CPU [0%@2187,25%@1712,66%@1651,50%@1651,off,off,off,off] EMC_FREQ 1%@1331 GR3D_FREQ 1%@318 APE 150 MTS fg 0% bg 28% AO@24.5C GPU@24C Tdiode@26.25C PMIC@50C AUX@24C CPU@25C thermal@24.45C Tboard@26C GPU 619/536 CPU 1394/1239 SOC 1084/1115 CV 0/0 VDDRQ 465/465 SYS5V 1929/1872
RAM 4145/31921MB (lfb 3320x4MB) SWAP 0/15960MB (cached 0MB) CPU [40%@2187,0%@2187,100%@2187,50%@2187,off,off,off,off] EMC_FREQ 3%@665 GR3D_FREQ 16%@318 APE 150 MTS fg 0% bg 42% AO@25C GPU@24.5C Tdiode@26.25C PMIC@50C AUX@24C CPU@25.5C thermal@24.45C Tboard@26C GPU 619/542 CPU 1549/1258 SOC 1239/1122 CV 0/0 VDDRQ 465/465 SYS5V 1929/1876
RAM 4144/31921MB (lfb 3320x4MB) SWAP 0/15960MB (cached 0MB) CPU [0%@2187,0%@2187,100%@2187,0%@2187,off,off,off,off] EMC_FREQ 2%@1331 GR3D_FREQ 5%@420 APE 150 MTS fg 0% bg 30% AO@25C GPU@24C Tdiode@26.25C PMIC@50C AUX@24C CPU@25.5C thermal@24.45C Tboard@26C GPU 619/546 CPU 1548/1275 SOC 1239/1129 CV 0/0 VDDRQ 465/465 SYS5V 1929/1879
RAM 4145/31921MB (lfb 3320x4MB) SWAP 0/15960MB (cached 0MB) CPU [33%@2187,33%@2187,100%@2187,33%@2187,off,off,off,off] EMC_FREQ 2%@1331 GR3D_FREQ 0%@420 APE 150 MTS fg 0% bg 53% AO@25C GPU@24C Tdiode@26.25C PMIC@50C AUX@24C CPU@25.5C thermal@24.45C Tboard@26C GPU 619/550 CPU 1703/1299 SOC 1239/1135 CV 0/0 VDDRQ 465/465 SYS5V 1929/1881
RAM 4145/31921MB (lfb 3320x4MB) SWAP 0/15960MB (cached 0MB) CPU [0%@2187,0%@2187,100%@2187,0%@2187,off,off,off,off] EMC_FREQ 2%@1331 GR3D_FREQ 11%@420 APE 150 MTS fg 0% bg 63% AO@25C GPU@24C Tdiode@26.25C PMIC@50C AUX@24C CPU@25.5C thermal@24.45C Tboard@26C GPU 619/554 CPU 1858/1328 SOC 1239/1141 CV 0/0 VDDRQ 464/464 SYS5V 1929/1884
RAM 4144/31921MB (lfb 3320x4MB) SWAP 0/15960MB (cached 0MB) CPU [33%@2187,66%@2187,50%@2187,0%@2187,off,off,off,off] EMC_FREQ 2%@1331 GR3D_FREQ 0%@420 APE 150 MTS fg 0% bg 57% AO@24.5C GPU@24C Tdiode@26.25C PMIC@50C AUX@24C CPU@26C thermal@24.45C Tboard@26C GPU 619/557 CPU 2013/1362 SOC 1239/1146 CV 0/0 VDDRQ 464/464 SYS5V 1969/1888
RAM 4145/31921MB (lfb 3320x4MB) SWAP 0/15960MB (cached 0MB) CPU [0%@2187,100%@2187,0%@2188,0%@2187,off,off,off,off] EMC_FREQ 2%@1331 GR3D_FREQ 0%@420 APE 150 MTS fg 0% bg 64% AO@25C GPU@24C Tdiode@26.25C PMIC@50C AUX@24C CPU@26C thermal@24.45C Tboard@26C GPU 619/560 CPU 2013/1393 SOC 1239/1150 CV 0/0 VDDRQ 464/464 SYS5V 1969/1892
RAM 4143/31921MB (lfb 3320x4MB) SWAP 0/15960MB (cached 0MB) CPU [33%@2187,100%@2187,33%@2188,33%@2187,off,off,off,off] EMC_FREQ 2%@1331 GR3D_FREQ 11%@420 APE 150 MTS fg 0% bg 40% AO@25C GPU@24C Tdiode@26.25C PMIC@50C AUX@24C CPU@26C thermal@24.45C Tboard@26C GPU 619/563 CPU 2168/1429 SOC 1239/1154 CV 0/0 VDDRQ 464/464 SYS5V 1969/1895
RAM 4145/31921MB (lfb 3320x4MB) SWAP 0/15960MB (cached 0MB) CPU [0%@2188,100%@2187,50%@2187,33%@2187,off,off,off,off] EMC_FREQ 2%@1331 GR3D_FREQ 0%@420 APE 150 MTS fg 0% bg 54% AO@25C GPU@24C Tdiode@26C PMIC@50C AUX@24C CPU@26C thermal@24.45C Tboard@26C GPU 619/565 CPU 2167/1461 SOC 1238/1158 CV 0/0 VDDRQ 464/464 SYS5V 1969/1899
RAM 4145/31921MB (lfb 3320x4MB) SWAP 0/15960MB (cached 0MB) CPU [0%@2187,100%@2187,33%@2187,0%@2187,off,off,off,off] EMC_FREQ 2%@1331 GR3D_FREQ 0%@420 APE 150 MTS fg 0% bg 61% AO@24.5C GPU@24C Tdiode@26C PMIC@50C AUX@24C CPU@26C thermal@24.45C Tboard@26C GPU 619/567 CPU 2322/1497 SOC 1238/1161 CV 0/0 VDDRQ 464/464 SYS5V 2009/1903
RAM 4144/31921MB (lfb 3320x4MB) SWAP 0/15960MB (cached 0MB) CPU [0%@2187,0%@2187,33%@2187,66%@2187,off,off,off,off] EMC_FREQ 2%@1331 GR3D_FREQ 0%@420 APE 150 MTS fg 0% bg 67% AO@24.5C GPU@24C Tdiode@26C PMIC@50C AUX@24C CPU@25.5C thermal@24.45C Tboard@26C GPU 619/569 CPU 2477/1536 SOC 1238/1164 CV 0/0 VDDRQ 464/464 SYS5V 2009/1907
RAM 4145/31921MB (lfb 3320x4MB) SWAP 0/15960MB (cached 0MB) CPU [33%@1726,0%@1496,0%@1496,100%@1496,off,off,off,off] EMC_FREQ 2%@1331 GR3D_FREQ 0%@420 APE 150 MTS fg 0% bg 17% AO@25C GPU@24C Tdiode@26C PMIC@50C AUX@24C CPU@25.5C thermal@24.45C Tboard@26C GPU 619/571 CPU 2477/1572 SOC 1238/1167 CV 0/0 VDDRQ 464/464 SYS5V 2009/1911
RAM 4145/31921MB (lfb 3320x4MB) SWAP 0/15960MB (cached 0MB) CPU [33%@2187,0%@2187,0%@2187,100%@2187,off,off,off,off] EMC_FREQ 2%@1065 GR3D_FREQ 10%@420 APE 150 MTS fg 0% bg 31% AO@24.5C GPU@24.5C Tdiode@26C PMIC@50C AUX@24C CPU@25.5C thermal@24.45C Tboard@26C GPU 619/573 CPU 2477/1605 SOC 1238/1170 CV 0/0 VDDRQ 464/464 SYS5V 2049/1916
RAM 4145/31921MB (lfb 3320x4MB) SWAP 0/15960MB (cached 0MB) CPU [60%@2187,33%@2188,60%@2188,100%@2188,off,off,off,off] EMC_FREQ 2%@1331 GR3D_FREQ 8%@420 APE 150 MTS fg 3% bg 54% AO@25C GPU@24C Tdiode@26C PMIC@50C AUX@24C CPU@25.5C thermal@24.45C Tboard@26C GPU 619/575 CPU 2631/1642 SOC 1238/1172 CV 0/0 VDDRQ 464/464 SYS5V 2049/1921
RAM 4145/31921MB (lfb 3320x4MB) SWAP 0/15960MB (cached 0MB) CPU [0%@2187,80%@2187,0%@2187,50%@2187,off,off,off,off] EMC_FREQ 2%@1331 GR3D_FREQ 0%@420 APE 150 MTS fg 0% bg 45% AO@24.5C GPU@24C Tdiode@26C PMIC@50C AUX@24C CPU@26C thermal@24.45C Tboard@26C GPU 619/576 CPU 2786/1681 SOC 1238/1174 CV 0/0 VDDRQ 464/464 SYS5V 2049/1925
RAM 4145/31921MB (lfb 3320x4MB) SWAP 0/15960MB (cached 0MB) CPU [66%@2187,100%@2187,0%@2187,0%@2187,off,off,off,off] EMC_FREQ 2%@1331 GR3D_FREQ 0%@420 APE 150 MTS fg 0% bg 27% AO@24.5C GPU@24C Tdiode@26C PMIC@50C AUX@24C CPU@26C thermal@24.45C Tboard@26C GPU 619/577 CPU 2786/1718 SOC 1238/1176 CV 0/0 VDDRQ 464/464 SYS5V 2049/1930
RAM 4145/31921MB (lfb 3320x4MB) SWAP 0/15960MB (cached 0MB) CPU [33%@2187,100%@2187,60%@2186,0%@2187,off,off,off,off] EMC_FREQ 2%@1331 GR3D_FREQ 0%@420 APE 150 MTS fg 0% bg 24% AO@24.5C GPU@24C Tdiode@25.75C PMIC@50C AUX@24C CPU@26C thermal@24.45C Tboard@26C GPU 619/579 CPU 2786/1753 SOC 1238/1178 CV 0/0 VDDRQ 464/464 SYS5V 2049/1933
RAM 4145/31921MB (lfb 3320x4MB) SWAP 0/15960MB (cached 0MB) CPU [0%@2188,100%@2187,0%@2187,33%@2187,off,off,off,off] EMC_FREQ 2%@1331 GR3D_FREQ 0%@420 APE 150 MTS fg 0% bg 61% AO@24.5C GPU@24C Tdiode@25.75C PMIC@50C AUX@24C CPU@26C thermal@24.45C Tboard@26C GPU 619/580 CPU 2786/1785 SOC 1238/1180 CV 0/0 VDDRQ 464/464 SYS5V 2049/1937
RAM 4145/31921MB (lfb 3320x4MB) SWAP 0/15960MB (cached 0MB) CPU [0%@2187,66%@2187,66%@2187,50%@2187,off,off,off,off] EMC_FREQ 2%@1331 GR3D_FREQ 13%@420 APE 150 MTS fg 0% bg 67% AO@24.5C GPU@24C Tdiode@25.75C PMIC@50C AUX@24C CPU@26C thermal@24.45C Tboard@26C GPU 619/581 CPU 2940/1820 SOC 1238/1182 CV 0/0 VDDRQ 464/464 SYS5V 2089/1942
RAM 4146/31921MB (lfb 3320x4MB) SWAP 0/15960MB (cached 0MB) CPU [33%@2187,0%@2188,100%@2188,0%@2188,off,off,off,off] EMC_FREQ 2%@1331 GR3D_FREQ 14%@420 APE 150 MTS fg 0% bg 8% AO@24.5C GPU@24.5C Tdiode@25.75C PMIC@50C AUX@24C CPU@25.5C thermal@24.45C Tboard@26C GPU 619/582 CPU 2940/1853 SOC 1238/1184 CV 0/0 VDDRQ 464/464 SYS5V 2089/1946
RAM 4145/31921MB (lfb 3320x4MB) SWAP 0/15960MB (cached 0MB) CPU [0%@2187,33%@2187,100%@2187,0%@2187,off,off,off,off] EMC_FREQ 2%@1331 GR3D_FREQ 2%@420 APE 150 MTS fg 0% bg 52% AO@24.5C GPU@24C Tdiode@25.75C PMIC@50C AUX@24C CPU@26C thermal@24.45C Tboard@26C GPU 619/583 CPU 2940/1884 SOC 1238/1185 CV 0/0 VDDRQ 619/468 SYS5V 2089/1950
RAM 4145/31921MB (lfb 3320x4MB) SWAP 0/15960MB (cached 0MB) CPU [33%@2187,0%@2188,100%@2187,33%@2187,off,off,off,off] EMC_FREQ 2%@1331 GR3D_FREQ 6%@420 APE 150 MTS fg 0% bg 69% AO@24.5C GPU@24C Tdiode@25.75C PMIC@50C AUX@24C CPU@26C thermal@24.45C Tboard@26C GPU 619/584 CPU 3095/1918 SOC 1238/1187 CV 0/0 VDDRQ 619/473 SYS5V 2089/1954
RAM 4145/31921MB (lfb 3320x4MB) SWAP 0/15960MB (cached 0MB) CPU [66%@2188,33%@2187,50%@2187,33%@2187,off,off,off,off] EMC_FREQ 2%@1331 GR3D_FREQ 11%@420 APE 150 MTS fg 1% bg 8% AO@24.5C GPU@24.5C Tdiode@25.75C PMIC@50C AUX@24C CPU@26C thermal@24.45C Tboard@26C GPU 619/585 CPU 3095/1949 SOC 1392/1192 CV 0/0 VDDRQ 619/477 SYS5V 2089/1957
RAM 4146/31921MB (lfb 3320x4MB) SWAP 0/15960MB (cached 0MB) CPU [100%@2187,0%@2187,0%@2187,0%@2187,off,off,off,off] EMC_FREQ 2%@1331 GR3D_FREQ 20%@420 APE 150 MTS fg 0% bg 0% AO@25C GPU@24C Tdiode@25.75C PMIC@50C AUX@24C CPU@25.5C thermal@24.45C Tboard@26C GPU 464/582 CPU 3095/1979 SOC 1392/1197 CV 0/0 VDDRQ 619/480 SYS5V 2089/1961
RAM 4145/31921MB (lfb 3320x4MB) SWAP 0/15960MB (cached 0MB) CPU [75%@2187,33%@2187,25%@2187,25%@2187,off,off,off,off] EMC_FREQ 3%@1065 GR3D_FREQ 0%@420 APE 150 MTS fg 0% bg 31% AO@25C GPU@24.5C Tdiode@25.75C PMIC@50C AUX@24C CPU@25.5C thermal@24.45C Tboard@26C GPU 464/579 CPU 2940/2004 SOC 1392/1202 CV 0/0 VDDRQ 619/484 SYS5V 2089/1964
RAM 4140/31921MB (lfb 3320x4MB) SWAP 0/15960MB (cached 0MB) CPU [0%@2187,100%@2187,0%@2188,33%@2187,off,off,off,off] EMC_FREQ 2%@1331 GR3D_FREQ 3%@420 APE 150 MTS fg 0% bg 70% AO@25C GPU@24.5C Tdiode@25.75C PMIC@50C AUX@24C CPU@26C thermal@24.45C Tboard@26C GPU 464/576 CPU 3095/2031 SOC 1392/1207 CV 0/0 VDDRQ 619/487 SYS5V 2130/1968
RAM 4144/31921MB (lfb 3320x4MB) SWAP 0/15960MB (cached 0MB) CPU [0%@2187,0%@2188,100%@2187,0%@2187,off,off,off,off] EMC_FREQ 2%@1331 GR3D_FREQ 11%@420 APE 150 MTS fg 0% bg 19% AO@25C GPU@24C Tdiode@25.75C PMIC@50C AUX@24C CPU@26C thermal@24.45C Tboard@26C GPU 464/573 CPU 3095/2057 SOC 1392/1212 CV 0/0 VDDRQ 619/490 SYS5V 2130/1972
RAM 4144/31921MB (lfb 3320x4MB) SWAP 0/15960MB (cached 0MB) CPU [40%@2187,0%@2187,100%@2187,0%@2187,off,off,off,off] EMC_FREQ 2%@1331 GR3D_FREQ 14%@420 APE 150 MTS fg 0% bg 6% AO@25C GPU@24C Tdiode@25.75C PMIC@50C AUX@24C CPU@25.5C thermal@24.45C Tboard@26C GPU 464/571 CPU 3095/2082 SOC 1392/1216 CV 0/0 VDDRQ 619/493 SYS5V 2130/1976
RAM 4145/31921MB (lfb 3320x4MB) SWAP 0/15960MB (cached 0MB) CPU [0%@2187,33%@2188,100%@2188,33%@2188,off,off,off,off] EMC_FREQ 2%@1331 GR3D_FREQ 0%@420 APE 150 MTS fg 0% bg 66% AO@24.5C GPU@24C Tdiode@25.75C PMIC@50C AUX@24C CPU@26C thermal@24.45C Tboard@26C GPU 464/568 CPU 3095/2106 SOC 1392/1220 CV 0/0 VDDRQ 619/496 SYS5V 2130/1980
RAM 4144/31921MB (lfb 3320x4MB) SWAP 0/15960MB (cached 0MB) CPU [33%@2187,33%@2188,66%@2187,66%@2187,off,off,off,off] EMC_FREQ 2%@1331 GR3D_FREQ 9%@420 APE 150 MTS fg 0% bg 56% AO@25C GPU@24.5C Tdiode@25.75C PMIC@50C AUX@24C CPU@26C thermal@24.45C Tboard@26C GPU 464/566 CPU 3095/2128 SOC 1392/1224 CV 0/0 VDDRQ 619/499 SYS5V 2130/1983
RAM 4145/31921MB (lfb 3320x4MB) SWAP 0/15960MB (cached 0MB) CPU [33%@2188,0%@2188,0%@2188,100%@2188,off,off,off,off] EMC_FREQ 2%@1331 GR3D_FREQ 3%@420 APE 150 MTS fg 0% bg 12% AO@24.5C GPU@24C Tdiode@25.75C PMIC@50C AUX@24C CPU@26C thermal@24.45C Tboard@26C GPU 464/564 CPU 3095/2149 SOC 1392/1228 CV 0/0 VDDRQ 619/502 SYS5V 2130/1986
RAM 4144/31921MB (lfb 3320x4MB) SWAP 0/15960MB (cached 0MB) CPU [0%@2187,33%@2187,33%@2188,100%@2188,off,off,off,off] EMC_FREQ 2%@1331 GR3D_FREQ 2%@420 APE 150 MTS fg 0% bg 45% AO@25C GPU@24.5C Tdiode@25.75C PMIC@50C AUX@24C CPU@25.5C thermal@24.45C Tboard@26C GPU 464/561 CPU 3095/2170 SOC 1392/1231 CV 0/0 VDDRQ 619/504 SYS5V 2130/1989
RAM 4144/31921MB (lfb 3320x4MB) SWAP 0/15960MB (cached 0MB) CPU [0%@2187,33%@2187,0%@2187,100%@2188,off,off,off,off] EMC_FREQ 2%@1331 GR3D_FREQ 0%@420 APE 150 MTS fg 0% bg 54% AO@24.5C GPU@24C Tdiode@25.75C PMIC@50C AUX@24C CPU@25.5C thermal@24.45C Tboard@26C GPU 464/559 CPU 3249/2193 SOC 1392/1234 CV 0/0 VDDRQ 619/507 SYS5V 2130/1992
RAM 4144/31921MB (lfb 3320x4MB) SWAP 0/15960MB (cached 0MB) CPU [50%@2187,100%@2187,0%@2187,33%@2188,off,off,off,off] EMC_FREQ 2%@1331 GR3D_FREQ 17%@420 APE 150 MTS fg 0% bg 47% AO@25C GPU@24C Tdiode@25.75C PMIC@50C AUX@24C CPU@26C thermal@24.45C Tboard@26C GPU 464/557 CPU 3249/2215 SOC 1392/1238 CV 0/0 VDDRQ 619/509 SYS5V 2130/1995
RAM 4144/31921MB (lfb 3320x4MB) SWAP 0/15960MB (cached 0MB) CPU [0%@2187,100%@2188,0%@2188,0%@2187,off,off,off,off] EMC_FREQ 3%@1065 GR3D_FREQ 11%@420 APE 150 MTS fg 1% bg 7% AO@24.5C GPU@24.5C Tdiode@26C PMIC@50C AUX@24C CPU@26C thermal@24.45C Tboard@26C GPU 464/555 CPU 3249/2236 SOC 1392/1241 CV 0/0 VDDRQ 619/511 SYS5V 2130/1998
RAM 4145/31921MB (lfb 3320x4MB) SWAP 0/15960MB (cached 0MB) CPU [33%@2187,100%@2187,0%@2187,33%@2187,off,off,off,off] EMC_FREQ 2%@1331 GR3D_FREQ 13%@420 APE 150 MTS fg 0% bg 23% AO@25C GPU@24.5C Tdiode@26C PMIC@50C AUX@24C CPU@26C thermal@24.45C Tboard@26C GPU 619/557 CPU 3249/2256 SOC 1392/1244 CV 0/0 VDDRQ 619/513 SYS5V 2130/2001
RAM 4144/31921MB (lfb 3320x4MB) SWAP 0/15960MB (cached 0MB) CPU [50%@2187,75%@2187,33%@2187,33%@2187,off,off,off,off] EMC_FREQ 2%@1331 GR3D_FREQ 26%@420 APE 150 MTS fg 0% bg 9% AO@24.5C GPU@24C Tdiode@26C PMIC@50C AUX@24C CPU@26C thermal@24.45C Tboard@26C GPU 619/558 CPU 3249/2276 SOC 1392/1247 CV 0/0 VDDRQ 619/516 SYS5V 2130/2003
RAM 4145/31921MB (lfb 3320x4MB) SWAP 0/15960MB (cached 0MB) CPU [100%@2187,0%@2188,33%@2187,33%@2187,off,off,off,off] EMC_FREQ 2%@1331 GR3D_FREQ 27%@420 APE 150 MTS fg 0% bg 0% AO@25C GPU@24C Tdiode@26C PMIC@50C AUX@24C CPU@26C thermal@24.6C Tboard@26C GPU 619/559 CPU 3095/2292 SOC 1392/1250 CV 0/0 VDDRQ 619/518 SYS5V 2130/2006
RAM 4143/31921MB (lfb 3320x4MB) SWAP 0/15960MB (cached 0MB) CPU [100%@2187,0%@2188,33%@2188,0%@2188,off,off,off,off] EMC_FREQ 2%@1331 GR3D_FREQ 18%@420 APE 150 MTS fg 0% bg 0% AO@25C GPU@24C Tdiode@26C PMIC@50C AUX@24C CPU@25.5C thermal@24.6C Tboard@26C GPU 619/560 CPU 3095/2307 SOC 1392/1252 CV 0/0 VDDRQ 619/519 SYS5V 2130/2008
RAM 4145/31921MB (lfb 3320x4MB) SWAP 0/15960MB (cached 0MB) CPU [100%@2187,0%@2187,0%@2188,0%@2187,off,off,off,off] EMC_FREQ 2%@1331 GR3D_FREQ 14%@420 APE 150 MTS fg 0% bg 0% AO@25C GPU@24.5C Tdiode@26C PMIC@50C AUX@24C CPU@26C thermal@24.6C Tboard@26C GPU 619/561 CPU 3095/2321 SOC 1392/1255 CV 0/0 VDDRQ 619/521 SYS5V 2130/2010
RAM 4144/31921MB (lfb 3320x4MB) SWAP 0/15960MB (cached 0MB) CPU [66%@2187,33%@2187,0%@2187,66%@2187,off,off,off,off] EMC_FREQ 2%@1331 GR3D_FREQ 33%@420 APE 150 MTS fg 0% bg 4% AO@25C GPU@24C Tdiode@26C PMIC@50C AUX@24C CPU@25.5C thermal@24.6C Tboard@26C GPU 619/562 CPU 3095/2335 SOC 1392/1257 CV 0/0 VDDRQ 619/523 SYS5V 2130/2012
RAM 4147/31921MB (lfb 3320x4MB) SWAP 0/15960MB (cached 0MB) CPU [33%@2187,33%@2187,50%@2187,100%@2187,off,off,off,off] EMC_FREQ 3%@1331 GR3D_FREQ 9%@420 APE 150 MTS fg 1% bg 22% AO@24.5C GPU@24.5C Tdiode@26C PMIC@50C AUX@24C CPU@26C thermal@24.6C Tboard@26C GPU 619/563 CPU 3095/2349 SOC 1392/1260 CV 0/0 VDDRQ 619/525 SYS5V 2130/2014
RAM 4145/31921MB (lfb 3320x4MB) SWAP 0/15960MB (cached 0MB) CPU [50%@2187,33%@2187,33%@2188,100%@2187,off,off,off,off] EMC_FREQ 3%@1331 GR3D_FREQ 29%@420 APE 150 MTS fg 0% bg 11% AO@25C GPU@24.5C Tdiode@26C PMIC@50C AUX@24C CPU@25.5C thermal@24.6C Tboard@26C GPU 619/564 CPU 3095/2362 SOC 1392/1262 CV 0/0 VDDRQ 619/526 SYS5V 2130/2016
RAM 4142/31921MB (lfb 3320x4MB) SWAP 0/15960MB (cached 0MB) CPU [33%@2188,0%@2187,0%@2188,66%@2188,off,off,off,off] EMC_FREQ 3%@1331 GR3D_FREQ 28%@420 APE 150 MTS fg 0% bg 15% AO@25C GPU@24.5C Tdiode@26C PMIC@50C AUX@24C CPU@25.5C thermal@24.6C Tboard@26C GPU 619/565 CPU 3095/2375 SOC 1392/1264 CV 0/0 VDDRQ 619/528 SYS5V 2130/2018
RAM 4145/31921MB (lfb 3320x4MB) SWAP 0/15960MB (cached 0MB) CPU [0%@2187,100%@2187,66%@2187,50%@2187,off,off,off,off] EMC_FREQ 3%@1331 GR3D_FREQ 29%@420 APE 150 MTS fg 1% bg 23% AO@25C GPU@24.5C Tdiode@26C PMIC@50C AUX@24C CPU@26C thermal@24.6C Tboard@26C GPU 619/566 CPU 3095/2387 SOC 1392/1266 CV 0/0 VDDRQ 619/529 SYS5V 2170/2021
RAM 4145/31921MB (lfb 3320x4MB) SWAP 0/15960MB (cached 0MB) CPU [25%@2187,0%@2187,100%@2187,0%@2187,off,off,off,off] EMC_FREQ 3%@1331 GR3D_FREQ 17%@420 APE 150 MTS fg 0% bg 16% AO@24.5C GPU@24.5C Tdiode@26C PMIC@50C AUX@24C CPU@25.5C thermal@24.6C Tboard@26C GPU 619/567 CPU 3095/2399 SOC 1392/1269 CV 0/0 VDDRQ 619/531 SYS5V 2170/2023
RAM 4141/31921MB (lfb 3320x4MB) SWAP 0/15960MB (cached 0MB) CPU [0%@2187,0%@2187,100%@2187,33%@2188,off,off,off,off] EMC_FREQ 3%@1331 GR3D_FREQ 0%@420 APE 150 MTS fg 0% bg 27% AO@25C GPU@24.5C Tdiode@26C PMIC@50C AUX@24C CPU@25.5C thermal@24.6C Tboard@26C GPU 619/568 CPU 2940/2407 SOC 1392/1271 CV 0/0 VDDRQ 619/532 SYS5V 2170/2026
RAM 4145/31921MB (lfb 3320x4MB) SWAP 0/15960MB (cached 0MB) CPU [40%@2035,40%@2035,100%@2035,0%@2035,off,off,off,off] EMC_FREQ 3%@1331 GR3D_FREQ 7%@420 APE 150 MTS fg 0% bg 15% AO@25C GPU@24.5C Tdiode@26C PMIC@50C AUX@24C CPU@25.5C thermal@24.6C Tboard@26C GPU 619/569 CPU 2940/2416 SOC 1392/1272 CV 0/0 VDDRQ 619/534 SYS5V 2170/2028
RAM 4145/31921MB (lfb 3320x4MB) SWAP 0/15960MB (cached 0MB) CPU [60%@2187,66%@2187,100%@2187,50%@2187,off,off,off,off] EMC_FREQ 4%@1065 GR3D_FREQ 3%@420 APE 150 MTS fg 4% bg 13% AO@25C GPU@24.5C Tdiode@26C PMIC@50C AUX@24C CPU@25.5C thermal@24.6C Tboard@26C GPU 619/569 CPU 2940/2424 SOC 1392/1274 CV 0/0 VDDRQ 619/535 SYS5V 2170/2030
RAM 4145/31921MB (lfb 3320x4MB) SWAP 0/15960MB (cached 0MB) CPU [100%@2187,0%@2187,100%@2187,100%@2187,off,off,off,off] EMC_FREQ 3%@1331 GR3D_FREQ 9%@420 APE 150 MTS fg 0% bg 13% AO@25C GPU@24.5C Tdiode@26C PMIC@50C AUX@24C CPU@26C thermal@24.6C Tboard@26C GPU 619/570 CPU 3095/2435 SOC 1392/1276 CV 0/0 VDDRQ 619/536 SYS5V 2170/2033
RAM 4147/31921MB (lfb 3320x4MB) SWAP 0/15960MB (cached 0MB) CPU [66%@2187,33%@2187,100%@2187,100%@2187,off,off,off,off] EMC_FREQ 3%@1331 GR3D_FREQ 33%@420 APE 150 MTS fg 0% bg 26% AO@25C GPU@24.5C Tdiode@26.25C PMIC@50C AUX@24C CPU@26C thermal@24.6C Tboard@26C GPU 619/571 CPU 3095/2445 SOC 1392/1278 CV 0/0 VDDRQ 619/538 SYS5V 2170/2035
RAM 4145/31921MB (lfb 3320x4MB) SWAP 0/15960MB (cached 0MB) CPU [66%@2187,100%@2187,100%@2187,50%@2187,off,off,off,off] EMC_FREQ 3%@1331 GR3D_FREQ 40%@420 APE 150 MTS fg 4% bg 29% AO@25C GPU@24.5C Tdiode@26.25C PMIC@50C AUX@24C CPU@26C thermal@24.6C Tboard@26C GPU 619/572 CPU 3249/2457 SOC 1392/1280 CV 0/0 VDDRQ 619/539 SYS5V 2170/2037
RAM 4145/31921MB (lfb 3320x4MB) SWAP 0/15960MB (cached 0MB) CPU [50%@2187,33%@2187,100%@2187,0%@2187,off,off,off,off] EMC_FREQ 3%@1331 GR3D_FREQ 44%@420 APE 150 MTS fg 1% bg 15% AO@25C GPU@24.5C Tdiode@26.25C PMIC@50C AUX@24C CPU@26C thermal@24.6C Tboard@26C GPU 619/572 CPU 3249/2469 SOC 1392/1281 CV 0/0 VDDRQ 619/540 SYS5V 2170/2039
RAM 4145/31921MB (lfb 3320x4MB) SWAP 0/15960MB (cached 0MB) CPU [66%@2188,0%@2188,100%@2187,75%@2187,off,off,off,off] EMC_FREQ 3%@1331 GR3D_FREQ 33%@420 APE 150 MTS fg 0% bg 6% AO@25C GPU@24.5C Tdiode@26.25C PMIC@50C AUX@24C CPU@26C thermal@24.6C Tboard@26C GPU 619/573 CPU 3248/2480 SOC 1392/1283 CV 0/0 VDDRQ 619/541 SYS5V 2170/2041
RAM 4145/31921MB (lfb 3320x4MB) SWAP 0/15960MB (cached 0MB) CPU [0%@2187,0%@2187,100%@2187,0%@2187,off,off,off,off] EMC_FREQ 4%@1331 GR3D_FREQ 31%@420 APE 150 MTS fg 0% bg 22% AO@25C GPU@24C Tdiode@26.25C PMIC@50C AUX@24C CPU@26C thermal@24.6C Tboard@26C GPU 619/574 CPU 3248/2492 SOC 1392/1285 CV 0/0 VDDRQ 619/542 SYS5V 2170/2042
RAM 4145/31921MB (lfb 3320x4MB) SWAP 0/15960MB (cached 0MB) CPU [33%@2188,33%@2187,100%@2187,25%@2188,off,off,off,off] EMC_FREQ 4%@1331 GR3D_FREQ 2%@420 APE 150 MTS fg 0% bg 7% AO@25C GPU@24.5C Tdiode@26.25C PMIC@50C AUX@24C CPU@26C thermal@24.6C Tboard@26C GPU 619/574 CPU 3249/2502 SOC 1392/1286 CV 0/0 VDDRQ 619/543 SYS5V 2170/2044
RAM 4145/31921MB (lfb 3320x4MB) SWAP 0/15960MB (cached 0MB) CPU [33%@2188,33%@2188,100%@2188,0%@2188,off,off,off,off] EMC_FREQ 4%@1331 GR3D_FREQ 25%@420 APE 150 MTS fg 0% bg 14% AO@25C GPU@24.5C Tdiode@26.25C PMIC@50C AUX@24C CPU@26C thermal@24.6C Tboard@26C GPU 619/575 CPU 3249/2513 SOC 1392/1288 CV 0/0 VDDRQ 619/545 SYS5V 2170/2046
RAM 4145/31921MB (lfb 3320x4MB) SWAP 0/15960MB (cached 0MB) CPU [33%@2187,0%@2187,100%@2187,33%@2187,off,off,off,off] EMC_FREQ 4%@1331 GR3D_FREQ 15%@420 APE 150 MTS fg 0% bg 15% AO@25C GPU@24C Tdiode@26.25C PMIC@50C AUX@24C CPU@26C thermal@24.6C Tboard@26C GPU 619/576 CPU 3249/2523 SOC 1392/1289 CV 0/0 VDDRQ 619/546 SYS5V 2170/2048
RAM 4145/31921MB (lfb 3320x4MB) SWAP 0/15960MB (cached 0MB) CPU [33%@2188,0%@2188,100%@2188,0%@2188,off,off,off,off] EMC_FREQ 4%@1331 GR3D_FREQ 19%@420 APE 150 MTS fg 0% bg 13% AO@25C GPU@24.5C Tdiode@26.25C PMIC@50C AUX@24C CPU@26C thermal@24.6C Tboard@26C GPU 619/576 CPU 3249/2533 SOC 1392/1290 CV 0/0 VDDRQ 619/547 SYS5V 2170/2049
RAM 4144/31921MB (lfb 3320x4MB) SWAP 0/15960MB (cached 0MB) CPU [33%@2187,0%@2187,100%@2187,0%@2187,off,off,off,off] EMC_FREQ 4%@1331 GR3D_FREQ 0%@420 APE 150 MTS fg 0% bg 11% AO@25C GPU@24.5C Tdiode@26C PMIC@50C AUX@24C CPU@25.5C thermal@24.6C Tboard@26C GPU 619/577 CPU 3095/2541 SOC 1392/1292 CV 0/0 VDDRQ 619/548 SYS5V 2170/2051
RAM 4143/31921MB (lfb 3320x4MB) SWAP 0/15960MB (cached 0MB) CPU [33%@2187,33%@2187,100%@2187,33%@2187,off,off,off,off] EMC_FREQ 4%@1331 GR3D_FREQ 0%@420 APE 150 MTS fg 0% bg 16% AO@25C GPU@24.5C Tdiode@26C PMIC@50C AUX@24C CPU@25.5C thermal@24.6C Tboard@26C GPU 619/577 CPU 3095/2548 SOC 1392/1293 CV 0/0 VDDRQ 619/548 SYS5V 2170/2053
RAM 4145/31921MB (lfb 3320x4MB) SWAP 0/15960MB (cached 0MB) CPU [0%@2187,25%@2188,100%@2188,40%@2188,off,off,off,off] EMC_FREQ 5%@1065 GR3D_FREQ 27%@420 APE 150 MTS fg 0% bg 7% AO@25C GPU@24.5C Tdiode@26C PMIC@50C AUX@24C CPU@26C thermal@24.6C Tboard@26C GPU 619/578 CPU 3095/2555 SOC 1392/1294 CV 0/0 VDDRQ 619/549 SYS5V 2170/2054
RAM 4144/31921MB (lfb 3320x4MB) SWAP 0/15960MB (cached 0MB) CPU [50%@2187,0%@2187,50%@2187,50%@2187,off,off,off,off] EMC_FREQ 4%@1331 GR3D_FREQ 27%@420 APE 150 MTS fg 0% bg 17% AO@25C GPU@24.5C Tdiode@26C PMIC@50C AUX@24C CPU@26C thermal@24.6C Tboard@26C GPU 619/578 CPU 2940/2560 SOC 1392/1296 CV 0/0 VDDRQ 619/550 SYS5V 2170/2056
RAM 4143/31921MB (lfb 3320x4MB) SWAP 0/15960MB (cached 0MB) CPU [33%@2187,33%@2188,0%@2187,100%@2187,off,off,off,off] EMC_FREQ 4%@1331 GR3D_FREQ 30%@420 APE 150 MTS fg 0% bg 19% AO@25C GPU@24.5C Tdiode@26C PMIC@50C AUX@24C CPU@25.5C thermal@24.6C Tboard@26C GPU 619/579 CPU 2940/2565 SOC 1392/1297 CV 0/0 VDDRQ 619/551 SYS5V 2170/2057
RAM 4145/31921MB (lfb 3320x4MB) SWAP 0/15960MB (cached 0MB) CPU [0%@2187,0%@2187,0%@2187,100%@2187,off,off,off,off] EMC_FREQ 4%@1331 GR3D_FREQ 0%@420 APE 150 MTS fg 0% bg 10% AO@25C GPU@24.5C Tdiode@26C PMIC@50C AUX@24C CPU@25.5C thermal@24.6C Tboard@26C GPU 619/579 CPU 2940/2570 SOC 1392/1298 CV 0/0 VDDRQ 619/552 SYS5V 2170/2059
RAM 4141/31921MB (lfb 3320x4MB) SWAP 0/15960MB (cached 0MB) CPU [0%@2187,0%@2188,33%@2188,100%@2188,off,off,off,off] EMC_FREQ 4%@1331 GR3D_FREQ 0%@420 APE 150 MTS fg 0% bg 24% AO@25C GPU@24.5C Tdiode@26C PMIC@50C AUX@24C CPU@26C thermal@24.6C Tboard@26C GPU 619/580 CPU 2940/2574 SOC 1392/1299 CV 0/0 VDDRQ 619/553 SYS5V 2170/2060
RAM 4146/31921MB (lfb 3320x4MB) SWAP 0/15960MB (cached 0MB) CPU [33%@2187,100%@2187,0%@2187,0%@2187,off,off,off,off] EMC_FREQ 4%@1331 GR3D_FREQ 9%@420 APE 150 MTS fg 0% bg 11% AO@25C GPU@24.5C Tdiode@26C PMIC@50C AUX@24C CPU@26C thermal@24.6C Tboard@26C GPU 619/580 CPU 2940/2579 SOC 1392/1300 CV 0/0 VDDRQ 619/554 SYS5V 2170/2061
RAM 4145/31921MB (lfb 3320x4MB) SWAP 0/15960MB (cached 0MB) CPU [33%@2187,100%@2187,33%@2187,33%@2187,off,off,off,off] EMC_FREQ 4%@1331 GR3D_FREQ 20%@420 APE 150 MTS fg 0% bg 17% AO@25C GPU@24.5C Tdiode@26C PMIC@50C AUX@24C CPU@26C thermal@24.6C Tboard@26C GPU 619/581 CPU 2940/2583 SOC 1392/1302 CV 0/0 VDDRQ 619/554 SYS5V 2170/2063
RAM 4145/31921MB (lfb 3320x4MB) SWAP 0/15960MB (cached 0MB) CPU [0%@2187,100%@2187,50%@2187,33%@2187,off,off,off,off] EMC_FREQ 4%@1331 GR3D_FREQ 0%@420 APE 150 MTS fg 0% bg 10% AO@25C GPU@24.5C Tdiode@26C PMIC@50C AUX@24C CPU@26C thermal@24.6C Tboard@26C GPU 619/581 CPU 2940/2588 SOC 1392/1303 CV 0/0 VDDRQ 619/555 SYS5V 2170/2064
RAM 4146/31921MB (lfb 3320x4MB) SWAP 0/15960MB (cached 0MB) CPU [50%@2187,0%@2187,100%@2187,0%@2187,off,off,off,off] EMC_FREQ 4%@1331 GR3D_FREQ 15%@420 APE 150 MTS fg 0% bg 13% AO@25C GPU@24.5C Tdiode@26C PMIC@50C AUX@24C CPU@26C thermal@24.6C Tboard@26C GPU 619/582 CPU 2940/2592 SOC 1392/1304 CV 0/0 VDDRQ 619/556 SYS5V 2170/2065
RAM 4145/31921MB (lfb 3320x4MB) SWAP 0/15960MB (cached 0MB) CPU [50%@2188,33%@2188,100%@2188,33%@2188,off,off,off,off] EMC_FREQ 4%@1331 GR3D_FREQ 16%@420 APE 150 MTS fg 1% bg 9% AO@25C GPU@24.5C Tdiode@26C PMIC@50C AUX@24C CPU@26C thermal@24.6C Tboard@26C GPU 619/582 CPU 2940/2596 SOC 1392/1305 CV 0/0 VDDRQ 619/557 SYS5V 2170/2066
RAM 4144/31921MB (lfb 3320x4MB) SWAP 0/15960MB (cached 0MB) CPU [25%@2187,50%@2187,100%@2187,50%@2187,off,off,off,off] EMC_FREQ 4%@1331 GR3D_FREQ 28%@420 APE 150 MTS fg 0% bg 25% AO@25C GPU@24.5C Tdiode@26C PMIC@50C AUX@24C CPU@26C thermal@24.6C Tboard@26C GPU 619/583 CPU 2940/2600 SOC 1392/1306 CV 0/0 VDDRQ 619/557 SYS5V 2170/2068
RAM 4147/31921MB (lfb 3320x4MB) SWAP 0/15960MB (cached 0MB) CPU [50%@2187,0%@2187,100%@2187,0%@2187,off,off,off,off] EMC_FREQ 4%@1331 GR3D_FREQ 30%@420 APE 150 MTS fg 0% bg 8% AO@25C GPU@24.5C Tdiode@26C PMIC@50C AUX@24C CPU@25.5C thermal@24.6C Tboard@26C GPU 619/583 CPU 2940/2604 SOC 1392/1307 CV 0/0 VDDRQ 619/558 SYS5V 2170/2069
RAM 4145/31921MB (lfb 3320x4MB) SWAP 0/15960MB (cached 0MB) CPU [0%@2187,33%@2187,100%@2187,33%@2187,off,off,off,off] EMC_FREQ 4%@1331 GR3D_FREQ 17%@420 APE 150 MTS fg 0% bg 15% AO@25C GPU@24.5C Tdiode@26C PMIC@50C AUX@24C CPU@25.5C thermal@24.6C Tboard@26C GPU 619/583 CPU 2940/2608 SOC 1392/1308 CV 0/0 VDDRQ 619/559 SYS5V 2170/2070
RAM 4145/31921MB (lfb 3320x4MB) SWAP 0/15960MB (cached 0MB) CPU [50%@2187,50%@2188,100%@2187,33%@2187,off,off,off,off] EMC_FREQ 4%@1331 GR3D_FREQ 2%@420 APE 150 MTS fg 0% bg 11% AO@25C GPU@24.5C Tdiode@26C PMIC@50C AUX@24C CPU@25.5C thermal@24.6C Tboard@26C GPU 619/584 CPU 2940/2611 SOC 1392/1309 CV 0/0 VDDRQ 619/559 SYS5V 2170/2071
RAM 4145/31921MB (lfb 3320x4MB) SWAP 0/15960MB (cached 0MB) CPU [40%@2164,33%@2187,100%@2187,33%@2187,off,off,off,off] EMC_FREQ 5%@1065 GR3D_FREQ 34%@420 APE 150 MTS fg 0% bg 9% AO@25C GPU@24.5C Tdiode@26C PMIC@50C AUX@24C CPU@25.5C thermal@24.75C Tboard@26C GPU 619/584 CPU 2785/2613 SOC 1392/1310 CV 0/0 VDDRQ 619/560 SYS5V 2170/2072
RAM 4145/31921MB (lfb 3320x4MB) SWAP 0/15960MB (cached 0MB) CPU [0%@2188,25%@2188,100%@2188,50%@2188,off,off,off,off] EMC_FREQ 4%@1331 GR3D_FREQ 0%@420 APE 150 MTS fg 0% bg 10% AO@24.5C GPU@24.5C Tdiode@26C PMIC@50C AUX@24C CPU@26C thermal@24.75C Tboard@26C GPU 619/585 CPU 2785/2615 SOC 1392/1310 CV 0/0 VDDRQ 619/561 SYS5V 2170/2073
RAM 4141/31921MB (lfb 3320x4MB) SWAP 0/15960MB (cached 0MB) CPU [33%@2187,50%@1419,100%@1420,33%@1420,off,off,off,off] EMC_FREQ 4%@1331 GR3D_FREQ 11%@420 APE 150 MTS fg 0% bg 9% AO@25C GPU@24.5C Tdiode@26C PMIC@50C AUX@24C CPU@26C thermal@24.75C Tboard@26C GPU 619/585 CPU 2785/2617 SOC 1392/1311 CV 0/0 VDDRQ 619/561 SYS5V 2170/2074
RAM 4146/31921MB (lfb 3320x4MB) SWAP 0/15960MB (cached 0MB) CPU [33%@2187,100%@2188,0%@2187,0%@2187,off,off,off,off] EMC_FREQ 4%@1331 GR3D_FREQ 6%@420 APE 150 MTS fg 0% bg 14% AO@25C GPU@24.5C Tdiode@26C PMIC@50C AUX@24C CPU@26C thermal@24.75C Tboard@26C GPU 619/585 CPU 2940/2620 SOC 1392/1312 CV 0/0 VDDRQ 619/562 SYS5V 2170/2075
RAM 4145/31921MB (lfb 3320x4MB) SWAP 0/15960MB (cached 0MB) CPU [0%@2187,100%@2187,50%@2187,33%@2187,off,off,off,off] EMC_FREQ 4%@1331 GR3D_FREQ 14%@420 APE 150 MTS fg 1% bg 11% AO@25C GPU@24.5C Tdiode@26C PMIC@50C AUX@24C CPU@26C thermal@24.75C Tboard@26C GPU 619/586 CPU 2940/2624 SOC 1392/1313 CV 0/0 VDDRQ 619/563 SYS5V 2170/2076
RAM 4144/31921MB (lfb 3320x4MB) SWAP 0/15960MB (cached 0MB) CPU [40%@2187,100%@2187,0%@2187,33%@2187,off,off,off,off] EMC_FREQ 4%@1331 GR3D_FREQ 32%@420 APE 150 MTS fg 0% bg 10% AO@25C GPU@24.5C Tdiode@26C PMIC@50C AUX@24C CPU@26C thermal@24.75C Tboard@26C GPU 619/586 CPU 2940/2627 SOC 1392/1314 CV 0/0 VDDRQ 619/563 SYS5V 2170/2077
RAM 4145/31921MB (lfb 3320x4MB) SWAP 0/15960MB (cached 0MB) CPU [0%@2187,100%@2187,40%@2186,25%@2187,off,off,off,off] EMC_FREQ 4%@1331 GR3D_FREQ 13%@420 APE 150 MTS fg 0% bg 7% AO@25C GPU@24.5C Tdiode@26C PMIC@50C AUX@24C CPU@26C thermal@24.75C Tboard@26C GPU 619/586 CPU 2785/2629 SOC 1392/1315 CV 0/0 VDDRQ 619/564 SYS5V 2170/2078
RAM 4145/31921MB (lfb 3320x4MB) SWAP 0/15960MB (cached 0MB) CPU [50%@2187,100%@2187,50%@2187,66%@2187,off,off,off,off] EMC_FREQ 5%@1065 GR3D_FREQ 3%@420 APE 150 MTS fg 2% bg 14% AO@25C GPU@24.5C Tdiode@26C PMIC@50C AUX@24C CPU@26C thermal@24.75C Tboard@26C GPU 619/587 CPU 2785/2630 SOC 1392/1315 CV 0/0 VDDRQ 619/564 SYS5V 2170/2079
RAM 4145/31921MB (lfb 3320x4MB) SWAP 0/15960MB (cached 0MB) CPU [66%@2187,100%@2187,80%@2187,75%@2187,off,off,off,off] EMC_FREQ 4%@1331 GR3D_FREQ 9%@420 APE 150 MTS fg 4% bg 23% AO@25C GPU@24.5C Tdiode@26C PMIC@50C AUX@24C CPU@26.5C thermal@24.75C Tboard@26C GPU 619/587 CPU 2940/2634 SOC 1392/1316 CV 0/0 VDDRQ 619/565 SYS5V 2170/2080
RAM 4143/31921MB (lfb 3320x4MB) SWAP 0/15960MB (cached 0MB) CPU [0%@2187,60%@2187,0%@2187,100%@2187,off,off,off,off] EMC_FREQ 4%@1331 GR3D_FREQ 20%@420 APE 150 MTS fg 0% bg 10% AO@25C GPU@24.5C Tdiode@26C PMIC@50C AUX@24C CPU@26.5C thermal@24.75C Tboard@26C GPU 619/587 CPU 2940/2637 SOC 1392/1317 CV 0/0 VDDRQ 619/565 SYS5V 2170/2081
RAM 4145/31921MB (lfb 3320x4MB) SWAP 0/15960MB (cached 0MB) CPU [33%@2188,0%@2188,0%@2187,100%@2187,off,off,off,off] EMC_FREQ 4%@1331 GR3D_FREQ 29%@420 APE 150 MTS fg 0% bg 10% AO@25C GPU@24.5C Tdiode@26C PMIC@50C AUX@24C CPU@26C thermal@24.75C Tboard@26C GPU 619/588 CPU 2940/2640 SOC 1392/1318 CV 0/0 VDDRQ 619/566 SYS5V 2170/2082
RAM 4143/31921MB (lfb 3320x4MB) SWAP 0/15960MB (cached 0MB) CPU [66%@2188,0%@2188,0%@2188,100%@2188,off,off,off,off] EMC_FREQ 4%@1331 GR3D_FREQ 2%@420 APE 150 MTS fg 0% bg 14% AO@25C GPU@24.5C Tdiode@26C PMIC@50C AUX@24C CPU@26C thermal@24.75C Tboard@26C GPU 619/588 CPU 2940/2643 SOC 1392/1318 CV 0/0 VDDRQ 619/567 SYS5V 2170/2083
RAM 4145/31921MB (lfb 3320x4MB) SWAP 0/15960MB (cached 0MB) CPU [0%@2187,33%@2187,50%@2187,100%@2188,off,off,off,off] EMC_FREQ 4%@1331 GR3D_FREQ 8%@420 APE 150 MTS fg 0% bg 13% AO@25C GPU@24.5C Tdiode@26C PMIC@50C AUX@24C CPU@26C thermal@24.75C Tboard@26C GPU 619/588 CPU 2940/2646 SOC 1392/1319 CV 0/0 VDDRQ 619/567 SYS5V 2170/2084
RAM 4145/31921MB (lfb 3320x4MB) SWAP 0/15960MB (cached 0MB) CPU [33%@2187,0%@2187,0%@2187,100%@2187,off,off,off,off] EMC_FREQ 4%@1331 GR3D_FREQ 2%@420 APE 150 MTS fg 0% bg 6% AO@25C GPU@24.5C Tdiode@26C PMIC@50C AUX@24C CPU@26C thermal@24.75C Tboard@26C GPU 619/588 CPU 2940/2648 SOC 1392/1320 CV 0/0 VDDRQ 619/568 SYS5V 2170/2084
RAM 4145/31921MB (lfb 3320x4MB) SWAP 0/15960MB (cached 0MB) CPU [0%@2188,0%@2187,0%@1651,100%@1651,off,off,off,off] EMC_FREQ 4%@1331 GR3D_FREQ 0%@420 APE 150 MTS fg 0% bg 6% AO@25C GPU@24.5C Tdiode@26C PMIC@50C AUX@24C CPU@26C thermal@24.75C Tboard@26C GPU 619/589 CPU 2940/2651 SOC 1392/1321 CV 0/0 VDDRQ 619/568 SYS5V 2170/2085
RAM 4145/31921MB (lfb 3320x4MB) SWAP 0/15960MB (cached 0MB) CPU [33%@2187,33%@2187,33%@2187,100%@2187,off,off,off,off] EMC_FREQ 5%@1065 GR3D_FREQ 9%@420 APE 150 MTS fg 0% bg 18% AO@24.5C GPU@24.5C Tdiode@26C PMIC@50C AUX@24C CPU@25.5C thermal@24.75C Tboard@26C GPU 619/589 CPU 2785/2652 SOC 1392/1321 CV 0/0 VDDRQ 619/568 SYS5V 2170/2086
RAM 4145/31921MB (lfb 3320x4MB) SWAP 0/15960MB (cached 0MB) CPU [25%@2187,25%@2187,25%@2188,100%@2188,off,off,off,off] EMC_FREQ 4%@1331 GR3D_FREQ 24%@420 APE 150 MTS fg 0% bg 21% AO@25C GPU@24.5C Tdiode@26C PMIC@50C AUX@24C CPU@26C thermal@24.75C Tboard@26C GPU 619/589 CPU 2785/2654 SOC 1392/1322 CV 0/0 VDDRQ 619/569 SYS5V 2170/2087
RAM 4141/31921MB (lfb 3320x4MB) SWAP 0/15960MB (cached 0MB) CPU [50%@2187,33%@2188,33%@2188,100%@2187,off,off,off,off] EMC_FREQ 5%@1065 GR3D_FREQ 2%@420 APE 150 MTS fg 0% bg 17% AO@25C GPU@24.5C Tdiode@26C PMIC@50C AUX@24C CPU@26C thermal@24.75C Tboard@26C GPU 619/590 CPU 2785/2655 SOC 1392/1323 CV 0/0 VDDRQ 619/569 SYS5V 2170/2088
RAM 4145/31921MB (lfb 3320x4MB) SWAP 0/15960MB (cached 0MB) CPU [50%@2187,100%@2187,0%@2187,33%@2187,off,off,off,off] EMC_FREQ 4%@1331 GR3D_FREQ 18%@420 APE 150 MTS fg 0% bg 12% AO@25C GPU@24.5C Tdiode@26.25C PMIC@50C AUX@24C CPU@26C thermal@24.75C Tboard@26C GPU 619/590 CPU 2785/2656 SOC 1392/1323 CV 0/0 VDDRQ 619/570 SYS5V 2170/2088
RAM 4145/31921MB (lfb 3320x4MB) SWAP 0/15960MB (cached 0MB) CPU [33%@2187,100%@2187,33%@2187,0%@2187,off,off,off,off] EMC_FREQ 4%@1331 GR3D_FREQ 23%@420 APE 150 MTS fg 0% bg 9% AO@25C GPU@24.5C Tdiode@26.25C PMIC@50C AUX@24C CPU@26C thermal@24.75C Tboard@26C GPU 619/590 CPU 2785/2657 SOC 1392/1324 CV 0/0 VDDRQ 619/570 SYS5V 2170/2089
RAM 4145/31921MB (lfb 3320x4MB) SWAP 0/15960MB (cached 0MB) CPU [33%@2187,50%@2187,100%@2187,33%@2188,off,off,off,off] EMC_FREQ 4%@1331 GR3D_FREQ 2%@420 APE 150 MTS fg 0% bg 5% AO@25C GPU@24.5C Tdiode@26.25C PMIC@50C AUX@24C CPU@26C thermal@24.75C Tboard@26C GPU 619/590 CPU 2785/2658 SOC 1392/1324 CV 0/0 VDDRQ 619/571 SYS5V 2170/2090
RAM 4144/31921MB (lfb 3320x4MB) SWAP 0/15960MB (cached 0MB) CPU [50%@2188,0%@2188,66%@2187,100%@2188,off,off,off,off] EMC_FREQ 4%@1331 GR3D_FREQ 24%@420 APE 150 MTS fg 0% bg 13% AO@25C GPU@24.5C Tdiode@26.25C PMIC@50C AUX@24C CPU@26C thermal@24.75C Tboard@26C GPU 619/591 CPU 2785/2660 SOC 1392/1325 CV 0/0 VDDRQ 619/571 SYS5V 2170/2091
RAM 4145/31921MB (lfb 3320x4MB) SWAP 0/15960MB (cached 0MB) CPU [33%@2188,33%@2188,0%@2188,100%@2187,off,off,off,off] EMC_FREQ 4%@1331 GR3D_FREQ 27%@420 APE 150 MTS fg 0% bg 10% AO@25C GPU@24.5C Tdiode@26.25C PMIC@50C AUX@24C CPU@26C thermal@24.75C Tboard@26C GPU 619/591 CPU 2785/2661 SOC 1392/1326 CV 0/0 VDDRQ 619/572 SYS5V 2170/2091
RAM 4145/31921MB (lfb 3320x4MB) SWAP 0/15960MB (cached 0MB) CPU [0%@2187,50%@2187,0%@2187,100%@2187,off,off,off,off] EMC_FREQ 4%@1331 GR3D_FREQ 5%@420 APE 150 MTS fg 0% bg 8% AO@25C GPU@24C Tdiode@26.25C PMIC@50C AUX@24C CPU@26C thermal@24.75C Tboard@26C GPU 619/591 CPU 2785/2662 SOC 1392/1326 CV 0/0 VDDRQ 619/572 SYS5V 2170/2092
RAM 4145/31921MB (lfb 3320x4MB) SWAP 0/15960MB (cached 0MB) CPU [0%@2187,50%@2187,25%@2187,33%@2187,off,off,off,off] EMC_FREQ 4%@1331 GR3D_FREQ 10%@420 APE 150 MTS fg 0% bg 17% AO@25C GPU@24.5C Tdiode@26.25C PMIC@50C AUX@24C CPU@26C thermal@24.75C Tboard@26C GPU 619/591 CPU 2785/2663 SOC 1392/1327 CV 0/0 VDDRQ 619/572 SYS5V 2170/2093
RAM 4145/31921MB (lfb 3320x4MB) SWAP 0/15960MB (cached 0MB) CPU [60%@2187,100%@2187,33%@2187,33%@2187,off,off,off,off] EMC_FREQ 4%@1331 GR3D_FREQ 0%@420 APE 150 MTS fg 0% bg 18% AO@25C GPU@24.5C Tdiode@26.25C PMIC@50C AUX@24C CPU@26C thermal@24.75C Tboard@26C GPU 619/592 CPU 2785/2664 SOC 1392/1327 CV 0/0 VDDRQ 619/573 SYS5V 2170/2093
RAM 4145/31921MB (lfb 3320x4MB) SWAP 0/15960MB (cached 0MB) CPU [50%@2187,100%@2187,33%@2187,33%@2187,off,off,off,off] EMC_FREQ 4%@1331 GR3D_FREQ 3%@420 APE 150 MTS fg 0% bg 15% AO@25C GPU@24.5C Tdiode@26.25C PMIC@50C AUX@24C CPU@26C thermal@24.75C Tboard@26C GPU 619/592 CPU 2785/2665 SOC 1392/1328 CV 0/0 VDDRQ 619/573 SYS5V 2170/2094
RAM 4141/31921MB (lfb 3320x4MB) SWAP 0/15960MB (cached 0MB) CPU [66%@2187,100%@2187,50%@2187,0%@2187,off,off,off,off] EMC_FREQ 4%@1331 GR3D_FREQ 2%@420 APE 150 MTS fg 1% bg 16% AO@24.5C GPU@24.5C Tdiode@26C PMIC@50C AUX@24C CPU@26C thermal@24.75C Tboard@26C GPU 619/592 CPU 2785/2666 SOC 1392/1328 CV 0/0 VDDRQ 619/574 SYS5V 2170/2095
RAM 4143/31921MB (lfb 3320x4MB) SWAP 0/15960MB (cached 0MB) CPU [33%@2186,33%@2186,100%@2187,33%@2187,off,off,off,off] EMC_FREQ 4%@1331 GR3D_FREQ 2%@420 APE 150 MTS fg 0% bg 17% AO@25C GPU@24.5C Tdiode@26C PMIC@50C AUX@24C CPU@26C thermal@24.75C Tboard@26C GPU 619/592 CPU 2785/2667 SOC 1392/1329 CV 0/0 VDDRQ 619/574 SYS5V 2170/2095
RAM 4143/31921MB (lfb 3320x4MB) SWAP 0/15960MB (cached 0MB) CPU [0%@2187,0%@2187,100%@2188,0%@2187,off,off,off,off] EMC_FREQ 4%@1331 GR3D_FREQ 36%@420 APE 150 MTS fg 0% bg 8% AO@25C GPU@24.5C Tdiode@26C PMIC@50C AUX@24C CPU@26C thermal@24.75C Tboard@26C GPU 619/593 CPU 2785/2668 SOC 1392/1329 CV 0/0 VDDRQ 619/574 SYS5V 2170/2096
RAM 4143/31921MB (lfb 3320x4MB) SWAP 0/15960MB (cached 0MB) CPU [33%@2187,0%@2187,100%@2187,0%@2187,off,off,off,off] EMC_FREQ 4%@1331 GR3D_FREQ 15%@420 APE 150 MTS fg 0% bg 6% AO@25C GPU@24.5C Tdiode@26C PMIC@50C AUX@24C CPU@25.5C thermal@24.75C Tboard@26C GPU 619/593 CPU 2785/2669 SOC 1392/1330 CV 0/0 VDDRQ 619/575 SYS5V 2170/2096
RAM 4143/31921MB (lfb 3320x4MB) SWAP 0/15960MB (cached 0MB) CPU [0%@2188,40%@2188,100%@2188,0%@2188,off,off,off,off] EMC_FREQ 5%@1065 GR3D_FREQ 0%@420 APE 150 MTS fg 0% bg 4% AO@25C GPU@24.5C Tdiode@26C PMIC@50C AUX@24C CPU@25.5C thermal@24.75C Tboard@26C GPU 619/593 CPU 2631/2669 SOC 1392/1331 CV 0/0 VDDRQ 619/575 SYS5V 2170/2097
RAM 4143/31921MB (lfb 3320x4MB) SWAP 0/15960MB (cached 0MB) CPU [0%@2188,0%@2188,100%@2187,25%@2187,off,off,off,off] EMC_FREQ 4%@1331 GR3D_FREQ 0%@420 APE 150 MTS fg 0% bg 7% AO@25C GPU@24.5C Tdiode@26C PMIC@50C AUX@24C CPU@25.5C thermal@24.75C Tboard@26C GPU 619/593 CPU 2631/2668 SOC 1393/1331 CV 0/0 VDDRQ 619/575 SYS5V 2130/2097
RAM 4143/31921MB (lfb 3320x4MB) SWAP 0/15960MB (cached 0MB) CPU [0%@2188,0%@2187,100%@2187,0%@2187,off,off,off,off] EMC_FREQ 4%@1331 GR3D_FREQ 0%@420 APE 150 MTS fg 0% bg 3% AO@25C GPU@24C Tdiode@26C PMIC@50C AUX@24C CPU@25.5C thermal@24.75C Tboard@26C GPU 619/593 CPU 2631/2668 SOC 1393/1332 CV 0/0 VDDRQ 619/576 SYS5V 2130/2098
RAM 4143/31921MB (lfb 3320x4MB) SWAP 0/15960MB (cached 0MB) CPU [25%@2187,25%@2188,100%@2188,0%@2188,off,off,off,off] EMC_FREQ 4%@1331 GR3D_FREQ 0%@420 APE 150 MTS fg 0% bg 15% AO@25C GPU@24.5C Tdiode@26C PMIC@50C AUX@24C CPU@25.5C thermal@24.75C Tboard@26C GPU 619/594 CPU 2631/2668 SOC 1393/1332 CV 0/0 VDDRQ 619/576 SYS5V 2130/2098
RAM 4143/31921MB (lfb 3320x4MB) SWAP 0/15960MB (cached 0MB) CPU [0%@2187,0%@2187,100%@2187,33%@2187,off,off,off,off] EMC_FREQ 5%@1065 GR3D_FREQ 0%@420 APE 150 MTS fg 0% bg 7% AO@25C GPU@24.5C Tdiode@26C PMIC@50C AUX@24C CPU@25.5C thermal@24.75C Tboard@26C GPU 619/594 CPU 2477/2666 SOC 1393/1332 CV 0/0 VDDRQ 619/576 SYS5V 2130/2098
RAM 4143/31921MB (lfb 3320x4MB) SWAP 0/15960MB (cached 0MB) CPU [25%@2188,0%@2188,100%@2188,0%@2188,off,off,off,off] EMC_FREQ 4%@1331 GR3D_FREQ 2%@420 APE 150 MTS fg 0% bg 9% AO@25C GPU@24.5C Tdiode@26C PMIC@50C AUX@24C CPU@25.5C thermal@24.75C Tboard@26C GPU 619/594 CPU 2477/2665 SOC 1393/1333 CV 0/0 VDDRQ 619/577 SYS5V 2130/2098
RAM 4143/31921MB (lfb 3320x4MB) SWAP 0/15960MB (cached 0MB) CPU [0%@2188,0%@2188,100%@2188,33%@2188,off,off,off,off] EMC_FREQ 4%@1331 GR3D_FREQ 10%@420 APE 150 MTS fg 0% bg 48% AO@25C GPU@24.5C Tdiode@26C PMIC@50C AUX@24C CPU@25.5C thermal@24.75C Tboard@26C GPU 619/594 CPU 2477/2663 SOC 1393/1333 CV 0/0 VDDRQ 619/577 SYS5V 2130/2099
RAM 4141/31921MB (lfb 3320x4MB) SWAP 0/15960MB (cached 0MB) CPU [0%@1561,0%@1496,33%@1496,0%@1496,off,off,off,off] EMC_FREQ 4%@1331 GR3D_FREQ 4%@420 APE 150 MTS fg 2% bg 23% AO@25C GPU@24.5C Tdiode@26C PMIC@50C AUX@24C CPU@26C thermal@24.75C Tboard@26C GPU 619/594 CPU 2477/2662 SOC 1393/1334 CV 0/0 VDDRQ 619/577 SYS5V 2130/2099
RAM 4141/31921MB (lfb 3320x4MB) SWAP 0/15960MB (cached 0MB) CPU [25%@2170,25%@2188,25%@2188,25%@2188,off,off,off,off] EMC_FREQ 4%@1331 GR3D_FREQ 0%@420 APE 150 MTS fg 0% bg 9% AO@25C GPU@24.5C Tdiode@26C PMIC@50C AUX@24C CPU@25.5C thermal@24.45C Tboard@26C GPU 619/595 CPU 2477/2660 SOC 1393/1334 CV 0/0 VDDRQ 619/578 SYS5V 2130/2099
RAM 4141/31921MB (lfb 3320x4MB) SWAP 0/15960MB (cached 0MB) CPU [33%@1266,33%@1266,0%@1266,50%@1309,off,off,off,off] EMC_FREQ 5%@1065 GR3D_FREQ 8%@420 APE 150 MTS fg 0% bg 13% AO@25C GPU@24.5C Tdiode@26C PMIC@50C AUX@24C CPU@25.5C thermal@24.45C Tboard@26C GPU 619/595 CPU 2322/2658 SOC 1238/1334 CV 0/0 VDDRQ 619/578 SYS5V 2089/2099
RAM 4141/31921MB (lfb 3320x4MB) SWAP 0/15960MB (cached 0MB) CPU [0%@1190,0%@1190,33%@1190,0%@1190,off,off,off,off] EMC_FREQ 5%@1065 GR3D_FREQ 7%@420 APE 150 MTS fg 0% bg 13% AO@25C GPU@24.5C Tdiode@26C PMIC@50C AUX@24C CPU@25.5C thermal@24.45C Tboard@26C GPU 619/595 CPU 2167/2654 SOC 1238/1333 CV 0/0 VDDRQ 464/577 SYS5V 2089/2099
RAM 4141/31921MB (lfb 3320x4MB) SWAP 0/15960MB (cached 0MB) CPU [33%@1190,0%@1190,0%@1190,0%@1190,off,off,off,off] EMC_FREQ 4%@1065 GR3D_FREQ 0%@420 APE 150 MTS fg 0% bg 8% AO@25C GPU@24.5C Tdiode@26C PMIC@50C AUX@24C CPU@25.5C thermal@24.45C Tboard@26C GPU 464/594 CPU 2168/2650 SOC 1239/1332 CV 0/0 VDDRQ 464/576 SYS5V 2049/2099
RAM 4142/31921MB (lfb 3320x4MB) SWAP 0/15960MB (cached 0MB) CPU [50%@2187,33%@2188,75%@2187,66%@2187,off,off,off,off] EMC_FREQ 4%@1065 GR3D_FREQ 0%@420 APE 150 MTS fg 1% bg 12% AO@25C GPU@24.5C Tdiode@26C PMIC@50C AUX@24C CPU@25.5C thermal@24.45C Tboard@26C GPU 464/593 CPU 2013/2645 SOC 1239/1331 CV 0/0 VDDRQ 464/576 SYS5V 2049/2098
RAM 4141/31921MB (lfb 3320x4MB) SWAP 0/15960MB (cached 0MB) CPU [25%@2187,50%@2187,33%@2187,50%@2187,off,off,off,off] EMC_FREQ 3%@1331 GR3D_FREQ 2%@420 APE 150 MTS fg 1% bg 15% AO@25C GPU@24.5C Tdiode@26C PMIC@50C AUX@24C CPU@26C thermal@24.45C Tboard@26C GPU 464/592 CPU 2168/2642 SOC 1238/1331 CV 0/0 VDDRQ 464/575 SYS5V 2049/2098
RAM 4141/31921MB (lfb 3320x4MB) SWAP 0/15960MB (cached 0MB) CPU [0%@2188,25%@2188,33%@2187,0%@2187,off,off,off,off] EMC_FREQ 3%@1331 GR3D_FREQ 6%@420 APE 150 MTS fg 0% bg 10% AO@25C GPU@24.5C Tdiode@26.25C PMIC@50C AUX@24C CPU@25.5C thermal@24.45C Tboard@26C GPU 464/591 CPU 2013/2637 SOC 1239/1330 CV 0/0 VDDRQ 464/574 SYS5V 2049/2097
RAM 4141/31921MB (lfb 3320x4MB) SWAP 0/15960MB (cached 0MB) CPU [25%@1265,0%@1265,0%@1265,0%@1266,off,off,off,off] EMC_FREQ 4%@1065 GR3D_FREQ 2%@420 APE 150 MTS fg 0% bg 2% AO@25C GPU@24.5C Tdiode@26.25C PMIC@50C AUX@24C CPU@25.5C thermal@24.45C Tboard@26C GPU 464/590 CPU 2013/2633 SOC 1239/1329 CV 0/0 VDDRQ 464/573 SYS5V 2049/2097
RAM 4141/31921MB (lfb 3320x4MB) SWAP 0/15960MB (cached 0MB) CPU [0%@1190,0%@1190,0%@1190,0%@1190,off,off,off,off] EMC_FREQ 4%@1065 GR3D_FREQ 0%@420 APE 150 MTS fg 0% bg 4% AO@25C GPU@24.5C Tdiode@26.25C PMIC@50C AUX@24C CPU@25.5C thermal@24.45C Tboard@26C GPU 464/589 CPU 1858/2627 SOC 1239/1329 CV 0/0 VDDRQ 464/572 SYS5V 2049/2097
RAM 4141/31921MB (lfb 3320x4MB) SWAP 0/15960MB (cached 0MB) CPU [33%@1190,33%@1190,33%@1190,0%@1190,off,off,off,off] EMC_FREQ 4%@1065 GR3D_FREQ 0%@420 APE 150 MTS fg 0% bg 10% AO@25C GPU@24.5C Tdiode@26.25C PMIC@50C AUX@24C CPU@25.5C thermal@24.45C Tboard@26C GPU 464/588 CPU 1858/2621 SOC 1239/1328 CV 0/0 VDDRQ 464/571 SYS5V 2009/2096
RAM 4141/31921MB (lfb 3320x4MB) SWAP 0/15960MB (cached 0MB) CPU [0%@1190,0%@1190,0%@1190,0%@1190,off,off,off,off] EMC_FREQ 4%@1065 GR3D_FREQ 11%@420 APE 150 MTS fg 0% bg 2% AO@25C GPU@24.5C Tdiode@26.25C PMIC@50C AUX@24C CPU@25.5C thermal@24.45C Tboard@26C GPU 464/587 CPU 1703/2615 SOC 1239/1327 CV 0/0 VDDRQ 465/571 SYS5V 2009/2095
RAM 4141/31921MB (lfb 3320x4MB) SWAP 0/15960MB (cached 0MB) CPU [0%@1190,0%@1190,0%@1190,0%@1190,off,off,off,off] EMC_FREQ 4%@1065 GR3D_FREQ 0%@420 APE 150 MTS fg 0% bg 2% AO@25C GPU@24C Tdiode@26.25C PMIC@50C AUX@24C CPU@25C thermal@24.45C Tboard@26C GPU 464/586 CPU 1703/2608 SOC 1239/1327 CV 0/0 VDDRQ 465/570 SYS5V 2009/2095
RAM 4141/31921MB (lfb 3320x4MB) SWAP 0/15960MB (cached 0MB) CPU [33%@1190,0%@1190,0%@1269,0%@1272,off,off,off,off] EMC_FREQ 4%@1065 GR3D_FREQ 0%@420 APE 150 MTS fg 0% bg 12% AO@25C GPU@24.5C Tdiode@26.25C PMIC@50C AUX@24C CPU@25C thermal@24.45C Tboard@26C GPU 464/586 CPU 1548/2601 SOC 1239/1326 CV 0/0 VDDRQ 465/569 SYS5V 2009/2094
RAM 4141/31921MB (lfb 3320x4MB) SWAP 0/15960MB (cached 0MB) CPU [0%@1190,33%@1190,0%@1190,0%@1190,off,off,off,off] EMC_FREQ 4%@1065 GR3D_FREQ 10%@420 APE 150 MTS fg 0% bg 4% AO@25C GPU@24.5C Tdiode@26.25C PMIC@50C AUX@24C CPU@25C thermal@24.45C Tboard@26C GPU 464/585 CPU 1549/2593 SOC 1239/1326 CV 0/0 VDDRQ 465/568 SYS5V 1969/2093
RAM 4141/31921MB (lfb 3320x4MB) SWAP 0/15960MB (cached 0MB) CPU [50%@1190,25%@1190,0%@1190,0%@1190,off,off,off,off] EMC_FREQ 4%@1065 GR3D_FREQ 0%@420 APE 150 MTS fg 0% bg 1% AO@25C GPU@24.5C Tdiode@26.25C PMIC@50C AUX@24C CPU@25.5C thermal@24.45C Tboard@26C GPU 464/584 CPU 1549/2586 SOC 1239/1325 CV 0/0 VDDRQ 465/568 SYS5V 1969/2092
RAM 4141/31921MB (lfb 3320x4MB) SWAP 0/15960MB (cached 0MB) CPU [0%@1190,0%@1190,0%@1190,0%@1190,off,off,off,off] EMC_FREQ 4%@1065 GR3D_FREQ 0%@420 APE 150 MTS fg 0% bg 11% AO@25C GPU@24.5C Tdiode@25.75C PMIC@50C AUX@24C CPU@25.5C thermal@24.45C Tboard@26C GPU 464/583 CPU 1394/2578 SOC 1239/1324 CV 0/0 VDDRQ 465/567 SYS5V 1969/2092
RAM 4141/31921MB (lfb 3320x4MB) SWAP 0/15960MB (cached 0MB) CPU [0%@1190,0%@1190,0%@1190,0%@1190,off,off,off,off] EMC_FREQ 4%@1065 GR3D_FREQ 2%@420 APE 150 MTS fg 0% bg 1% AO@25C GPU@24.5C Tdiode@25.75C PMIC@50C AUX@24C CPU@25C thermal@24.45C Tboard@26C GPU 464/582 CPU 1394/2570 SOC 1239/1324 CV 0/0 VDDRQ 465/566 SYS5V 1969/2091
RAM 4141/31921MB (lfb 3320x4MB) SWAP 0/15960MB (cached 0MB) CPU [33%@1190,0%@1190,25%@1190,0%@1190,off,off,off,off] EMC_FREQ 4%@1065 GR3D_FREQ 0%@420 APE 150 MTS fg 0% bg 2% AO@25C GPU@24.5C Tdiode@25.75C PMIC@50C AUX@24C CPU@25C thermal@24.45C Tboard@26C GPU 464/581 CPU 1239/2560 SOC 1239/1323 CV 0/0 VDDRQ 465/566 SYS5V 1969/2090
RAM 4141/31921MB (lfb 3320x4MB) SWAP 0/15960MB (cached 0MB) CPU [0%@1190,33%@1190,0%@1190,25%@1190,off,off,off,off] EMC_FREQ 4%@1065 GR3D_FREQ 0%@420 APE 150 MTS fg 0% bg 8% AO@25C GPU@24.5C Tdiode@25.75C PMIC@50C AUX@24C CPU@25C thermal@24.45C Tboard@26C GPU 465/581 CPU 1239/2551 SOC 1239/1323 CV 0/0 VDDRQ 465/565 SYS5V 1929/2089
RAM 4141/31921MB (lfb 3320x4MB) SWAP 0/15960MB (cached 0MB) CPU [33%@1190,0%@1190,33%@1190,33%@1190,off,off,off,off] EMC_FREQ 4%@1065 GR3D_FREQ 2%@420 APE 150 MTS fg 0% bg 6% AO@25C GPU@24.5C Tdiode@25.75C PMIC@50C AUX@24C CPU@25C thermal@24.45C Tboard@26C GPU 465/580 CPU 1239/2543 SOC 1239/1322 CV 0/0 VDDRQ 465/564 SYS5V 1929/2088
RAM 4141/31921MB (lfb 3320x4MB) SWAP 0/15960MB (cached 0MB) CPU [33%@1190,0%@1190,0%@1190,0%@1190,off,off,off,off] EMC_FREQ 4%@1065 GR3D_FREQ 13%@420 APE 150 MTS fg 0% bg 1% AO@25C GPU@24C Tdiode@25.75C PMIC@50C AUX@24C CPU@25C thermal@24.45C Tboard@26C GPU 465/579 CPU 1239/2534 SOC 1239/1321 CV 0/0 VDDRQ 465/564 SYS5V 1929/2087
RAM 4141/31921MB (lfb 3320x4MB) SWAP 0/15960MB (cached 0MB) CPU [33%@1190,33%@1190,0%@1190,0%@1190,off,off,off,off] EMC_FREQ 3%@1065 GR3D_FREQ 2%@420 APE 150 MTS fg 0% bg 3% AO@25C GPU@24.5C Tdiode@25.75C PMIC@50C AUX@24C CPU@25C thermal@24.45C Tboard@26C GPU 465/578 CPU 1084/2524 SOC 1239/1321 CV 0/0 VDDRQ 465/563 SYS5V 1929/2086
RAM 4141/31921MB (lfb 3320x4MB) SWAP 0/15960MB (cached 0MB) CPU [0%@1190,0%@1190,0%@1190,0%@1190,off,off,off,off] EMC_FREQ 3%@1065 GR3D_FREQ 7%@420 APE 150 MTS fg 0% bg 9% AO@25C GPU@24.5C Tdiode@25.75C PMIC@50C AUX@24C CPU@25C thermal@24.45C Tboard@26C GPU 465/578 CPU 1084/2515 SOC 1239/1320 CV 0/0 VDDRQ 465/562 SYS5V 1929/2085
RAM 4141/31921MB (lfb 3320x4MB) SWAP 0/15960MB (cached 0MB) CPU [0%@1190,33%@1190,0%@1190,0%@1190,off,off,off,off] EMC_FREQ 3%@1065 GR3D_FREQ 7%@420 APE 150 MTS fg 0% bg 0% AO@25C GPU@24.5C Tdiode@25.75C PMIC@50C AUX@24C CPU@25C thermal@24.45C Tboard@26C GPU 465/577 CPU 1084/2505 SOC 1239/1320 CV 0/0 VDDRQ 465/562 SYS5V 1929/2084
RAM 4141/31921MB (lfb 3320x4MB) SWAP 0/15960MB (cached 0MB) CPU [33%@1190,33%@1190,50%@1190,33%@1190,off,off,off,off] EMC_FREQ 3%@1065 GR3D_FREQ 0%@420 APE 150 MTS fg 0% bg 22% AO@25C GPU@24.5C Tdiode@25.75C PMIC@50C AUX@24C CPU@25C thermal@24.45C Tboard@26C GPU 465/576 CPU 1084/2496 SOC 1239/1319 CV 0/0 VDDRQ 465/561 SYS5V 1929/2083
RAM 4141/31921MB (lfb 3320x4MB) SWAP 0/15960MB (cached 0MB) CPU [0%@1190,0%@1190,0%@1190,25%@1190,off,off,off,off] EMC_FREQ 3%@1065 GR3D_FREQ 11%@420 APE 150 MTS fg 0% bg 3% AO@25C GPU@24.5C Tdiode@25.75C PMIC@50C AUX@24C CPU@25C thermal@24.45C Tboard@26C GPU 465/575 CPU 1084/2487 SOC 1239/1319 CV 0/0 VDDRQ 465/560 SYS5V 1929/2082
RAM 4141/31921MB (lfb 3320x4MB) SWAP 0/15960MB (cached 0MB) CPU [33%@1190,0%@1190,0%@1190,0%@1190,off,off,off,off] EMC_FREQ 3%@1065 GR3D_FREQ 2%@420 APE 150 MTS fg 0% bg 4% AO@25C GPU@24.5C Tdiode@25.75C PMIC@50C AUX@24C CPU@25C thermal@24.45C Tboard@26C GPU 465/575 CPU 1085/2478 SOC 1239/1318 CV 0/0 VDDRQ 465/560 SYS5V 1929/2081
RAM 4141/31921MB (lfb 3320x4MB) SWAP 0/15960MB (cached 0MB) CPU [0%@1190,33%@1190,33%@1190,0%@1190,off,off,off,off] EMC_FREQ 3%@1065 GR3D_FREQ 0%@420 APE 150 MTS fg 0% bg 10% AO@25C GPU@24.5C Tdiode@25.75C PMIC@50C AUX@24C CPU@25.5C thermal@24.45C Tboard@26C GPU 465/574 CPU 930/2468 SOC 1240/1318 CV 0/0 VDDRQ 465/559 SYS5V 1889/2079
RAM 4141/31921MB (lfb 3320x4MB) SWAP 0/15960MB (cached 0MB) CPU [50%@1190,0%@1190,0%@1190,0%@1190,off,off,off,off] EMC_FREQ 3%@1065 GR3D_FREQ 7%@420 APE 150 MTS fg 0% bg 0% AO@25C GPU@24.5C Tdiode@25.75C PMIC@50C AUX@24C CPU@25C thermal@24.45C Tboard@26C GPU 465/573 CPU 930/2458 SOC 1240/1317 CV 0/0 VDDRQ 310/558 SYS5V 1889/2078
RAM 4141/31921MB (lfb 3320x4MB) SWAP 0/15960MB (cached 0MB) CPU [0%@1190,0%@1190,0%@1190,0%@1190,off,off,off,off] EMC_FREQ 3%@1065 GR3D_FREQ 0%@420 APE 150 MTS fg 0% bg 0% AO@25C GPU@24.5C Tdiode@25.75C PMIC@50C AUX@24C CPU@25C thermal@24.45C Tboard@26C GPU 465/573 CPU 930/2448 SOC 1240/1317 CV 0/0 VDDRQ 310/556 SYS5V 1889/2077
RAM 4141/31921MB (lfb 3320x4MB) SWAP 0/15960MB (cached 0MB) CPU [0%@1190,33%@1190,0%@1190,0%@1190,off,off,off,off] EMC_FREQ 3%@1065 GR3D_FREQ 0%@420 APE 150 MTS fg 0% bg 3% AO@25C GPU@24C Tdiode@25.75C PMIC@50C AUX@24C CPU@25C thermal@24.45C Tboard@26C GPU 465/572 CPU 930/2439 SOC 1240/1316 CV 0/0 VDDRQ 310/554 SYS5V 1889/2076
RAM 4141/31921MB (lfb 3320x4MB) SWAP 0/15960MB (cached 0MB) CPU [33%@1190,33%@1190,0%@1190,0%@1190,off,off,off,off] EMC_FREQ 3%@1065 GR3D_FREQ 0%@420 APE 150 MTS fg 0% bg 8% AO@25C GPU@24.5C Tdiode@25.75C PMIC@50C AUX@24C CPU@25C thermal@24.45C Tboard@26C GPU 465/571 CPU 930/2429 SOC 1085/1315 CV 0/0 VDDRQ 310/553 SYS5V 1889/2075
RAM 4141/31921MB (lfb 3320x4MB) SWAP 0/15960MB (cached 0MB) CPU [33%@1190,0%@1190,0%@1190,0%@1190,off,off,off,off] EMC_FREQ 3%@1065 GR3D_FREQ 10%@420 APE 150 MTS fg 0% bg 2% AO@25C GPU@24.5C Tdiode@25.75C PMIC@50C AUX@24C CPU@25.5C thermal@24.45C Tboard@26C GPU 465/571 CPU 930/2420 SOC 1085/1313 CV 0/0 VDDRQ 310/551 SYS5V 1889/2073
RAM 4141/31921MB (lfb 3320x4MB) SWAP 0/15960MB (cached 0MB) CPU [0%@1190,33%@1190,0%@1190,0%@1190,off,off,off,off] EMC_FREQ 3%@1065 GR3D_FREQ 2%@420 APE 150 MTS fg 0% bg 1% AO@25C GPU@24C Tdiode@25.75C PMIC@50C AUX@24C CPU@25C thermal@24.45C Tboard@26C GPU 465/570 CPU 930/2411 SOC 1085/1312 CV 0/0 VDDRQ 310/550 SYS5V 1889/2072
RAM 4141/31921MB (lfb 3320x4MB) SWAP 0/15960MB (cached 0MB) CPU [0%@1190,0%@1190,0%@1190,0%@1190,off,off,off,off] EMC_FREQ 3%@1065 GR3D_FREQ 0%@420 APE 150 MTS fg 0% bg 4% AO@25C GPU@24C Tdiode@26C PMIC@50C AUX@24C CPU@25C thermal@24.45C Tboard@26C GPU 465/569 CPU 775/2401 SOC 1085/1311 CV 0/0 VDDRQ 310/548 SYS5V 1889/2071
RAM 4141/31921MB (lfb 3320x4MB) SWAP 0/15960MB (cached 0MB) CPU [33%@1190,33%@1190,0%@1190,0%@1190,off,off,off,off] EMC_FREQ 3%@1065 GR3D_FREQ 0%@420 APE 150 MTS fg 0% bg 3% AO@25C GPU@24.5C Tdiode@26C PMIC@50C AUX@24C CPU@25C thermal@24.45C Tboard@26C GPU 465/569 CPU 775/2391 SOC 1085/1309 CV 0/0 VDDRQ 310/547 SYS5V 1889/2070
RAM 4141/31921MB (lfb 3320x4MB) SWAP 0/15960MB (cached 0MB) CPU [25%@1190,0%@1190,0%@1190,0%@1190,off,off,off,off] EMC_FREQ 3%@1065 GR3D_FREQ 0%@420 APE 150 MTS fg 0% bg 4% AO@25C GPU@24.5C Tdiode@26C PMIC@50C AUX@24C CPU@25C thermal@24.45C Tboard@26C GPU 465/568 CPU 775/2381 SOC 1085/1308 CV 0/0 VDDRQ 310/546 SYS5V 1889/2069
RAM 4141/31921MB (lfb 3320x4MB) SWAP 0/15960MB (cached 0MB) CPU [0%@1190,33%@1190,0%@1190,0%@1190,off,off,off,off] EMC_FREQ 3%@1065 GR3D_FREQ 0%@420 APE 150 MTS fg 0% bg 2% AO@25C GPU@24C Tdiode@26C PMIC@50C AUX@24C CPU@25C thermal@24.45C Tboard@26C GPU 465/567 CPU 775/2371 SOC 1085/1307 CV 0/0 VDDRQ 310/544 SYS5V 1889/2068
RAM 4141/31921MB (lfb 3320x4MB) SWAP 0/15960MB (cached 0MB) CPU [0%@1190,33%@1190,0%@1190,0%@1190,off,off,off,off] EMC_FREQ 3%@1065 GR3D_FREQ 0%@420 APE 150 MTS fg 0% bg 7% AO@25C GPU@24C Tdiode@26C PMIC@50C AUX@24C CPU@25C thermal@24.45C Tboard@26C GPU 465/567 CPU 775/2362 SOC 1085/1305 CV 0/0 VDDRQ 310/543 SYS5V 1889/2067
RAM 4141/31921MB (lfb 3320x4MB) SWAP 0/15960MB (cached 0MB) CPU [0%@1190,33%@1190,33%@1190,0%@1190,off,off,off,off] EMC_FREQ 3%@1065 GR3D_FREQ 0%@420 APE 150 MTS fg 0% bg 13% AO@25C GPU@24C Tdiode@26C PMIC@50C AUX@24C CPU@25C thermal@24.45C Tboard@26C GPU 465/566 CPU 775/2352 SOC 1085/1304 CV 0/0 VDDRQ 310/541 SYS5V 1848/2065
RAM 4141/31921MB (lfb 3320x4MB) SWAP 0/15960MB (cached 0MB) CPU [33%@1190,33%@1190,0%@1190,33%@1190,off,off,off,off] EMC_FREQ 3%@1065 GR3D_FREQ 2%@420 APE 150 MTS fg 0% bg 6% AO@25C GPU@24.5C Tdiode@26C PMIC@50C AUX@24C CPU@25C thermal@24.45C Tboard@26C GPU 465/565 CPU 775/2343 SOC 1085/1303 CV 0/0 VDDRQ 310/540 SYS5V 1848/2064
