RAM 4139/31921MB (lfb 3320x4MB) SWAP 0/15960MB (cached 0MB) CPU [33%@1190,0%@1190,33%@1190,60%@1190,off,off,off,off] EMC_FREQ 2%@1065 GR3D_FREQ 3%@420 APE 150 MTS fg 0% bg 2% AO@25C GPU@24C Tdiode@26C PMIC@50C AUX@24C CPU@25C thermal@24.3C Tboard@26C GPU 620/620 CPU 1084/1084 SOC 1084/1084 CV 0/0 VDDRQ 465/465 SYS5V 1889/1889
RAM 4140/31921MB (lfb 3320x4MB) SWAP 0/15960MB (cached 0MB) CPU [75%@2187,60%@2187,50%@2187,33%@2187,off,off,off,off] EMC_FREQ 2%@1065 GR3D_FREQ 18%@420 APE 150 MTS fg 5% bg 7% AO@25C GPU@24C Tdiode@26C PMIC@50C AUX@24C CPU@25C thermal@24.3C Tboard@26C GPU 620/620 CPU 1084/1084 SOC 1084/1084 CV 0/0 VDDRQ 465/465 SYS5V 1889/1889
RAM 4140/31921MB (lfb 3320x4MB) SWAP 0/15960MB (cached 0MB) CPU [0%@2187,50%@2187,0%@2187,50%@2187,off,off,off,off] EMC_FREQ 2%@1331 GR3D_FREQ 19%@420 APE 150 MTS fg 2% bg 4% AO@25C GPU@24C Tdiode@26C PMIC@50C AUX@24C CPU@25.5C thermal@24.3C Tboard@26C GPU 619/619 CPU 1239/1135 SOC 1084/1084 CV 0/0 VDDRQ 465/465 SYS5V 1929/1902
RAM 4140/31921MB (lfb 3320x4MB) SWAP 0/15960MB (cached 0MB) CPU [0%@1572,0%@1495,0%@1560,33%@1572,off,off,off,off] EMC_FREQ 2%@1065 GR3D_FREQ 8%@420 APE 150 MTS fg 0% bg 11% AO@25C GPU@24C Tdiode@26C PMIC@50C AUX@24C CPU@25C thermal@24.3C Tboard@26C GPU 619/619 CPU 1239/1161 SOC 1084/1084 CV 0/0 VDDRQ 465/465 SYS5V 1929/1909
RAM 4140/31921MB (lfb 3320x4MB) SWAP 0/15960MB (cached 0MB) CPU [60%@1343,33%@1208,33%@1190,33%@1256,off,off,off,off] EMC_FREQ 2%@1065 GR3D_FREQ 11%@420 APE 150 MTS fg 0% bg 5% AO@24.5C GPU@24C Tdiode@26C PMIC@50C AUX@24C CPU@25C thermal@24.3C Tboard@26C GPU 620/619 CPU 1239/1177 SOC 1084/1084 CV 0/0 VDDRQ 465/465 SYS5V 1929/1913
RAM 4140/31921MB (lfb 3320x4MB) SWAP 0/15960MB (cached 0MB) CPU [0%@1190,50%@1190,0%@1190,0%@1190,off,off,off,off] EMC_FREQ 2%@1065 GR3D_FREQ 8%@420 APE 150 MTS fg 0% bg 3% AO@25C GPU@24C Tdiode@26C PMIC@50C AUX@24C CPU@25C thermal@24.3C Tboard@26C GPU 620/619 CPU 1239/1187 SOC 1084/1084 CV 0/0 VDDRQ 465/465 SYS5V 1929/1915
RAM 4140/31921MB (lfb 3320x4MB) SWAP 0/15960MB (cached 0MB) CPU [0%@1190,33%@1190,0%@1190,0%@1190,off,off,off,off] EMC_FREQ 2%@1065 GR3D_FREQ 0%@420 APE 150 MTS fg 0% bg 11% AO@25C GPU@24C Tdiode@26C PMIC@50C AUX@24C CPU@25C thermal@24.3C Tboard@26C GPU 620/619 CPU 1084/1172 SOC 1084/1084 CV 0/0 VDDRQ 465/465 SYS5V 1889/1911
RAM 4141/31921MB (lfb 3320x4MB) SWAP 0/15960MB (cached 0MB) CPU [75%@2187,50%@2187,75%@2187,100%@2187,off,off,off,off] EMC_FREQ 2%@1331 GR3D_FREQ 4%@420 APE 150 MTS fg 4% bg 7% AO@24.5C GPU@24C Tdiode@25.75C PMIC@50C AUX@24C CPU@25.5C thermal@24.3C Tboard@26C GPU 619/619 CPU 1239/1180 SOC 1239/1103 CV 0/0 VDDRQ 465/465 SYS5V 1929/1914
RAM 4140/31921MB (lfb 3320x4MB) SWAP 0/15960MB (cached 0MB) CPU [66%@2187,66%@2187,100%@2187,33%@2187,off,off,off,off] EMC_FREQ 2%@1331 GR3D_FREQ 62%@420 APE 150 MTS fg 5% bg 10% AO@24.5C GPU@24C Tdiode@25.75C PMIC@50C AUX@24C CPU@25.5C thermal@24.3C Tboard@26C GPU 619/619 CPU 1394/1204 SOC 1239/1118 CV 0/0 VDDRQ 465/465 SYS5V 1929/1915
RAM 4140/31921MB (lfb 3320x4MB) SWAP 0/15960MB (cached 0MB) CPU [50%@2187,33%@2187,66%@2187,66%@2187,off,off,off,off] EMC_FREQ 2%@1331 GR3D_FREQ 65%@420 APE 150 MTS fg 0% bg 23% AO@25C GPU@24C Tdiode@25.75C PMIC@50C AUX@24C CPU@25.5C thermal@24.3C Tboard@26C GPU 619/619 CPU 1549/1239 SOC 1239/1130 CV 0/0 VDDRQ 465/465 SYS5V 1929/1917
RAM 4140/31921MB (lfb 3320x4MB) SWAP 0/15960MB (cached 0MB) CPU [66%@2187,33%@2187,0%@2187,33%@2187,off,off,off,off] EMC_FREQ 2%@1331 GR3D_FREQ 59%@420 APE 150 MTS fg 0% bg 16% AO@25C GPU@24C Tdiode@25.75C PMIC@50C AUX@24C CPU@25.5C thermal@24.3C Tboard@26C GPU 619/619 CPU 1548/1267 SOC 1239/1140 CV 0/0 VDDRQ 465/465 SYS5V 1969/1921
RAM 4140/31921MB (lfb 3320x4MB) SWAP 0/15960MB (cached 0MB) CPU [0%@2187,33%@2136,25%@2132,25%@2188,off,off,off,off] EMC_FREQ 2%@1331 GR3D_FREQ 63%@420 APE 150 MTS fg 0% bg 5% AO@25C GPU@24C Tdiode@25.75C PMIC@50C AUX@24C CPU@25.5C thermal@24.3C Tboard@26C GPU 619/619 CPU 1548/1290 SOC 1239/1148 CV 0/0 VDDRQ 465/465 SYS5V 1969/1925
RAM 4140/31921MB (lfb 3320x4MB) SWAP 0/15960MB (cached 0MB) CPU [0%@1572,0%@1551,0%@1548,0%@1496,off,off,off,off] EMC_FREQ 3%@1065 GR3D_FREQ 2%@420 APE 150 MTS fg 0% bg 1% AO@25C GPU@24.5C Tdiode@25.75C PMIC@50C AUX@24C CPU@25C thermal@24.3C Tboard@26C GPU 619/619 CPU 1548/1310 SOC 1239/1155 CV 0/0 VDDRQ 465/465 SYS5V 1969/1929
RAM 4140/31921MB (lfb 3320x4MB) SWAP 0/15960MB (cached 0MB) CPU [33%@1190,0%@1190,50%@1190,0%@1190,off,off,off,off] EMC_FREQ 3%@1065 GR3D_FREQ 0%@420 APE 150 MTS fg 0% bg 9% AO@24.5C GPU@24C Tdiode@25.75C PMIC@50C AUX@24C CPU@25C thermal@24.3C Tboard@26C GPU 619/619 CPU 1549/1327 SOC 1239/1161 CV 0/0 VDDRQ 465/465 SYS5V 1929/1929
RAM 4140/31921MB (lfb 3320x4MB) SWAP 0/15960MB (cached 0MB) CPU [0%@1190,0%@1190,0%@1190,0%@1190,off,off,off,off] EMC_FREQ 3%@1065 GR3D_FREQ 0%@420 APE 150 MTS fg 0% bg 1% AO@24.5C GPU@24C Tdiode@25.75C PMIC@50C AUX@24C CPU@25C thermal@24.3C Tboard@26C GPU 619/619 CPU 1394/1331 SOC 1239/1166 CV 0/0 VDDRQ 465/465 SYS5V 1929/1929
RAM 4140/31921MB (lfb 3320x4MB) SWAP 0/15960MB (cached 0MB) CPU [33%@1190,0%@1190,0%@1190,0%@1190,off,off,off,off] EMC_FREQ 3%@1065 GR3D_FREQ 0%@420 APE 150 MTS fg 0% bg 3% AO@25C GPU@24C Tdiode@25.75C PMIC@50C AUX@24C CPU@25C thermal@24.3C Tboard@26C GPU 619/619 CPU 1394/1335 SOC 1239/1171 CV 0/0 VDDRQ 465/465 SYS5V 1929/1929
RAM 4140/31921MB (lfb 3320x4MB) SWAP 0/15960MB (cached 0MB) CPU [33%@1190,33%@1190,0%@1190,0%@1190,off,off,off,off] EMC_FREQ 3%@1065 GR3D_FREQ 0%@420 APE 150 MTS fg 0% bg 6% AO@24.5C GPU@24C Tdiode@25.75C PMIC@50C AUX@24C CPU@25C thermal@24.3C Tboard@26C GPU 619/619 CPU 1394/1339 SOC 1239/1175 CV 0/0 VDDRQ 465/465 SYS5V 1929/1929
RAM 4140/31921MB (lfb 3320x4MB) SWAP 0/15960MB (cached 0MB) CPU [0%@1190,33%@1190,0%@1190,0%@1190,off,off,off,off] EMC_FREQ 3%@1065 GR3D_FREQ 0%@420 APE 150 MTS fg 0% bg 3% AO@24.5C GPU@24C Tdiode@25.75C PMIC@50C AUX@24C CPU@25C thermal@24.3C Tboard@26C GPU 619/619 CPU 1239/1333 SOC 1239/1178 CV 0/0 VDDRQ 465/465 SYS5V 1929/1929
RAM 4140/31921MB (lfb 3320x4MB) SWAP 0/15960MB (cached 0MB) CPU [0%@1190,0%@1190,0%@1190,0%@1190,off,off,off,off] EMC_FREQ 3%@1065 GR3D_FREQ 0%@420 APE 150 MTS fg 0% bg 4% AO@24.5C GPU@24C Tdiode@25.75C PMIC@50C AUX@24C CPU@25C thermal@24.3C Tboard@26C GPU 619/619 CPU 1239/1328 SOC 1239/1181 CV 0/0 VDDRQ 465/465 SYS5V 1929/1929
RAM 4140/31921MB (lfb 3320x4MB) SWAP 0/15960MB (cached 0MB) CPU [0%@1190,33%@1190,0%@1190,0%@1190,off,off,off,off] EMC_FREQ 3%@1065 GR3D_FREQ 0%@420 APE 150 MTS fg 0% bg 0% AO@25C GPU@24C Tdiode@25.75C PMIC@50C AUX@24C CPU@25C thermal@24.3C Tboard@26C GPU 620/619 CPU 1239/1324 SOC 1239/1184 CV 0/0 VDDRQ 465/465 SYS5V 1929/1929
RAM 4140/31921MB (lfb 3320x4MB) SWAP 0/15960MB (cached 0MB) CPU [33%@1190,0%@1190,33%@1190,0%@1190,off,off,off,off] EMC_FREQ 3%@1065 GR3D_FREQ 0%@420 APE 150 MTS fg 0% bg 12% AO@25C GPU@24C Tdiode@25.75C PMIC@50C AUX@24C CPU@25C thermal@24.3C Tboard@26C GPU 620/619 CPU 1084/1312 SOC 1239/1187 CV 0/0 VDDRQ 465/465 SYS5V 1889/1927
RAM 4142/31921MB (lfb 3320x4MB) SWAP 0/15960MB (cached 0MB) CPU [33%@2187,50%@2187,50%@2187,50%@2187,off,off,off,off] EMC_FREQ 2%@1065 GR3D_FREQ 0%@420 APE 150 MTS fg 0% bg 27% AO@25C GPU@24C Tdiode@25.75C PMIC@50C AUX@24C CPU@25C thermal@24.3C Tboard@26C GPU 620/619 CPU 1239/1309 SOC 1239/1189 CV 0/0 VDDRQ 465/465 SYS5V 1929/1927
RAM 4143/31921MB (lfb 3320x4MB) SWAP 0/15960MB (cached 0MB) CPU [33%@2187,50%@2187,66%@2187,66%@2187,off,off,off,off] EMC_FREQ 2%@1331 GR3D_FREQ 14%@420 APE 150 MTS fg 0% bg 36% AO@25C GPU@24C Tdiode@25.75C PMIC@50C AUX@24C CPU@25.5C thermal@24.3C Tboard@26C GPU 619/619 CPU 1394/1313 SOC 1239/1191 CV 0/0 VDDRQ 465/465 SYS5V 1929/1927
RAM 4144/31921MB (lfb 3320x4MB) SWAP 0/15960MB (cached 0MB) CPU [50%@2187,33%@2187,100%@2187,0%@2188,off,off,off,off] EMC_FREQ 2%@1331 GR3D_FREQ 38%@420 APE 150 MTS fg 4% bg 33% AO@24.5C GPU@24C Tdiode@25.75C PMIC@50C AUX@24C CPU@25.5C thermal@24.3C Tboard@26C GPU 619/619 CPU 1549/1322 SOC 1239/1193 CV 0/0 VDDRQ 465/465 SYS5V 1929/1927
RAM 4141/31921MB (lfb 3320x4MB) SWAP 0/15960MB (cached 0MB) CPU [66%@2187,33%@2187,100%@2187,66%@2187,off,off,off,off] EMC_FREQ 2%@1331 GR3D_FREQ 54%@420 APE 150 MTS fg 0% bg 22% AO@25C GPU@24C Tdiode@25.75C PMIC@50C AUX@24C CPU@25.5C thermal@24.3C Tboard@26C GPU 619/619 CPU 1703/1338 SOC 1239/1195 CV 0/0 VDDRQ 465/465 SYS5V 1969/1929
RAM 4142/31921MB (lfb 3320x4MB) SWAP 0/15960MB (cached 0MB) CPU [66%@2187,66%@2187,60%@2187,0%@2187,off,off,off,off] EMC_FREQ 2%@1331 GR3D_FREQ 48%@420 APE 150 MTS fg 1% bg 26% AO@25C GPU@24.5C Tdiode@25.75C PMIC@50C AUX@24C CPU@26C thermal@24.3C Tboard@26C GPU 619/619 CPU 1703/1352 SOC 1239/1197 CV 0/0 VDDRQ 465/465 SYS5V 1969/1930
RAM 4143/31921MB (lfb 3320x4MB) SWAP 0/15960MB (cached 0MB) CPU [0%@2187,0%@2187,100%@2187,75%@2187,off,off,off,off] EMC_FREQ 2%@1331 GR3D_FREQ 11%@420 APE 150 MTS fg 0% bg 47% AO@24.5C GPU@24C Tdiode@25.75C PMIC@50C AUX@24C CPU@26C thermal@24.3C Tboard@26C GPU 619/619 CPU 1858/1370 SOC 1239/1198 CV 0/0 VDDRQ 464/464 SYS5V 2009/1933
RAM 4143/31921MB (lfb 3320x4MB) SWAP 0/15960MB (cached 0MB) CPU [50%@2188,50%@2188,100%@2188,0%@2188,off,off,off,off] EMC_FREQ 2%@1331 GR3D_FREQ 12%@420 APE 150 MTS fg 0% bg 52% AO@25C GPU@24C Tdiode@25.75C PMIC@50C AUX@24C CPU@25.5C thermal@24.3C Tboard@26C GPU 619/619 CPU 2013/1393 SOC 1239/1200 CV 0/0 VDDRQ 464/464 SYS5V 2009/1936
RAM 4141/31921MB (lfb 3320x4MB) SWAP 0/15960MB (cached 0MB) CPU [66%@2187,33%@2188,100%@2187,50%@2187,off,off,off,off] EMC_FREQ 2%@1331 GR3D_FREQ 17%@420 APE 150 MTS fg 0% bg 13% AO@24.5C GPU@24.5C Tdiode@25.75C PMIC@50C AUX@24C CPU@25.5C thermal@24.3C Tboard@26C GPU 619/619 CPU 2013/1415 SOC 1239/1201 CV 0/0 VDDRQ 464/464 SYS5V 2009/1938
RAM 4143/31921MB (lfb 3320x4MB) SWAP 0/15960MB (cached 0MB) CPU [66%@2187,66%@2187,50%@2187,0%@2187,off,off,off,off] EMC_FREQ 2%@1331 GR3D_FREQ 51%@420 APE 150 MTS fg 0% bg 22% AO@25C GPU@24.5C Tdiode@25.75C PMIC@50C AUX@24C CPU@26C thermal@24.3C Tboard@26C GPU 619/619 CPU 2168/1440 SOC 1239/1202 CV 0/0 VDDRQ 464/464 SYS5V 2049/1942
RAM 4144/31921MB (lfb 3320x4MB) SWAP 0/15960MB (cached 0MB) CPU [33%@2187,100%@2187,33%@2187,50%@2187,off,off,off,off] EMC_FREQ 2%@1331 GR3D_FREQ 54%@420 APE 150 MTS fg 0% bg 20% AO@25C GPU@24C Tdiode@25.75C PMIC@50C AUX@24C CPU@26C thermal@24.3C Tboard@26C GPU 619/619 CPU 2167/1463 SOC 1238/1203 CV 0/0 VDDRQ 464/464 SYS5V 2049/1945
RAM 4141/31921MB (lfb 3320x4MB) SWAP 0/15960MB (cached 0MB) CPU [66%@2187,100%@2187,50%@2187,33%@2187,off,off,off,off] EMC_FREQ 3%@1331 GR3D_FREQ 16%@420 APE 150 MTS fg 0% bg 15% AO@25C GPU@24C Tdiode@25.75C PMIC@50C AUX@24C CPU@26C thermal@24.3C Tboard@26C GPU 619/619 CPU 2322/1490 SOC 1238/1205 CV 0/0 VDDRQ 464/464 SYS5V 2049/1949
RAM 4143/31921MB (lfb 3320x4MB) SWAP 0/15960MB (cached 0MB) CPU [66%@2187,50%@2187,33%@2187,50%@2187,off,off,off,off] EMC_FREQ 3%@1331 GR3D_FREQ 32%@420 APE 150 MTS fg 4% bg 17% AO@25C GPU@24C Tdiode@25.75C PMIC@50C AUX@24C CPU@26C thermal@24.3C Tboard@26C GPU 619/619 CPU 2322/1515 SOC 1238/1206 CV 0/0 VDDRQ 464/464 SYS5V 2089/1953
RAM 4144/31921MB (lfb 3320x4MB) SWAP 0/15960MB (cached 0MB) CPU [50%@2187,50%@2187,0%@2187,100%@2187,off,off,off,off] EMC_FREQ 3%@1331 GR3D_FREQ 48%@420 APE 150 MTS fg 0% bg 26% AO@25C GPU@24C Tdiode@25.75C PMIC@50C AUX@24C CPU@26C thermal@24.3C Tboard@26C GPU 619/619 CPU 2322/1539 SOC 1238/1206 CV 0/0 VDDRQ 464/464 SYS5V 2089/1957
RAM 4141/31921MB (lfb 3320x4MB) SWAP 0/15960MB (cached 0MB) CPU [50%@2187,0%@2187,0%@2187,100%@2187,off,off,off,off] EMC_FREQ 3%@1331 GR3D_FREQ 11%@420 APE 150 MTS fg 0% bg 10% AO@25C GPU@24C Tdiode@25.75C PMIC@50C AUX@24C CPU@26C thermal@24.3C Tboard@26C GPU 619/619 CPU 2477/1566 SOC 1238/1207 CV 0/0 VDDRQ 464/464 SYS5V 2130/1962
RAM 4143/31921MB (lfb 3320x4MB) SWAP 0/15960MB (cached 0MB) CPU [33%@2187,75%@2187,75%@2187,50%@2187,off,off,off,off] EMC_FREQ 3%@1331 GR3D_FREQ 12%@420 APE 150 MTS fg 0% bg 29% AO@25C GPU@24C Tdiode@25.75C PMIC@50C AUX@24C CPU@26C thermal@24.3C Tboard@26C GPU 619/619 CPU 2477/1591 SOC 1238/1208 CV 0/0 VDDRQ 619/469 SYS5V 2130/1966
RAM 4144/31921MB (lfb 3320x4MB) SWAP 0/15960MB (cached 0MB) CPU [50%@2187,100%@2187,50%@2187,50%@2187,off,off,off,off] EMC_FREQ 3%@1331 GR3D_FREQ 11%@420 APE 150 MTS fg 0% bg 47% AO@25C GPU@24.5C Tdiode@25.75C PMIC@50C AUX@24C CPU@26C thermal@24.3C Tboard@26C GPU 619/619 CPU 2631/1619 SOC 1238/1209 CV 0/0 VDDRQ 619/473 SYS5V 2130/1971
RAM 4141/31921MB (lfb 3320x4MB) SWAP 0/15960MB (cached 0MB) CPU [33%@2187,100%@2187,33%@2187,50%@2187,off,off,off,off] EMC_FREQ 3%@1331 GR3D_FREQ 53%@420 APE 150 MTS fg 0% bg 11% AO@25C GPU@24C Tdiode@25.75C PMIC@50C AUX@24C CPU@26C thermal@24.3C Tboard@26C GPU 619/619 CPU 2631/1646 SOC 1238/1210 CV 0/0 VDDRQ 619/476 SYS5V 2130/1975
RAM 4142/31921MB (lfb 3320x4MB) SWAP 0/15960MB (cached 0MB) CPU [66%@1958,50%@1958,0%@1958,33%@1958,off,off,off,off] EMC_FREQ 3%@1331 GR3D_FREQ 61%@420 APE 150 MTS fg 0% bg 22% AO@25C GPU@24C Tdiode@25.75C PMIC@50C AUX@24C CPU@26C thermal@24.3C Tboard@26C GPU 619/619 CPU 2631/1671 SOC 1238/1210 CV 0/0 VDDRQ 619/480 SYS5V 2170/1980
RAM 4142/31921MB (lfb 3320x4MB) SWAP 0/15960MB (cached 0MB) CPU [40%@2187,100%@2187,66%@2187,57%@2187,off,off,off,off] EMC_FREQ 3%@1331 GR3D_FREQ 56%@420 APE 150 MTS fg 1% bg 51% AO@25C GPU@24C Tdiode@25.75C PMIC@50C AUX@24C CPU@26C thermal@24.3C Tboard@26C GPU 619/619 CPU 2631/1695 SOC 1238/1211 CV 0/0 VDDRQ 619/484 SYS5V 2170/1985
RAM 4143/31921MB (lfb 3320x4MB) SWAP 0/15960MB (cached 0MB) CPU [75%@2187,50%@2188,0%@2187,0%@2187,off,off,off,off] EMC_FREQ 3%@1331 GR3D_FREQ 60%@420 APE 150 MTS fg 1% bg 16% AO@25C GPU@24C Tdiode@25.75C PMIC@50C AUX@24C CPU@26C thermal@24.3C Tboard@26C GPU 619/619 CPU 2785/1722 SOC 1238/1212 CV 0/0 VDDRQ 619/487 SYS5V 2210/1990
RAM 4144/31921MB (lfb 3320x4MB) SWAP 0/15960MB (cached 0MB) CPU [100%@2187,33%@2188,0%@2187,33%@2187,off,off,off,off] EMC_FREQ 3%@1331 GR3D_FREQ 46%@420 APE 150 MTS fg 0% bg 0% AO@25C GPU@24C Tdiode@25.75C PMIC@50C AUX@24C CPU@26C thermal@24.3C Tboard@26C GPU 619/619 CPU 2785/1747 SOC 1238/1212 CV 0/0 VDDRQ 619/490 SYS5V 2170/1994
RAM 4168/31921MB (lfb 3320x4MB) SWAP 0/15960MB (cached 0MB) CPU [100%@2187,50%@2187,50%@2187,33%@2188,off,off,off,off] EMC_FREQ 3%@1331 GR3D_FREQ 36%@420 APE 150 MTS fg 4% bg 0% AO@25C GPU@24C Tdiode@25.75C PMIC@50C AUX@24C CPU@25.5C thermal@24.3C Tboard@26C GPU 619/619 CPU 2785/1771 SOC 1238/1213 CV 0/0 VDDRQ 619/493 SYS5V 2170/1998
RAM 4142/31921MB (lfb 3320x4MB) SWAP 0/15960MB (cached 0MB) CPU [100%@2187,66%@2187,100%@2187,100%@2187,off,off,off,off] EMC_FREQ 3%@1331 GR3D_FREQ 35%@420 APE 150 MTS fg 4% bg 0% AO@25C GPU@24C Tdiode@26.25C PMIC@50C AUX@24C CPU@26C thermal@24.3C Tboard@26C GPU 619/619 CPU 2785/1794 SOC 1392/1217 CV 0/0 VDDRQ 619/496 SYS5V 2210/2003
RAM 4143/31921MB (lfb 3320x4MB) SWAP 0/15960MB (cached 0MB) CPU [66%@2187,66%@2187,0%@2187,100%@2187,off,off,off,off] EMC_FREQ 3%@1331 GR3D_FREQ 33%@420 APE 150 MTS fg 1% bg 33% AO@25C GPU@24C Tdiode@26.25C PMIC@50C AUX@24C CPU@26C thermal@24.3C Tboard@26C GPU 619/619 CPU 2940/1819 SOC 1392/1221 CV 0/0 VDDRQ 619/499 SYS5V 2210/2008
RAM 4144/31921MB (lfb 3320x4MB) SWAP 0/15960MB (cached 0MB) CPU [50%@2187,100%@2187,0%@2187,50%@2187,off,off,off,off] EMC_FREQ 3%@1331 GR3D_FREQ 38%@420 APE 150 MTS fg 0% bg 11% AO@25C GPU@24C Tdiode@26.25C PMIC@50C AUX@24C CPU@26C thermal@24.3C Tboard@26C GPU 619/619 CPU 2940/1844 SOC 1392/1225 CV 0/0 VDDRQ 619/501 SYS5V 2210/2012
RAM 4141/31921MB (lfb 3320x4MB) SWAP 0/15960MB (cached 0MB) CPU [66%@2187,66%@2187,33%@2187,0%@2187,off,off,off,off] EMC_FREQ 3%@1331 GR3D_FREQ 23%@420 APE 150 MTS fg 1% bg 9% AO@25C GPU@24C Tdiode@26.25C PMIC@50C AUX@24C CPU@26C thermal@24.3C Tboard@26C GPU 619/619 CPU 2940/1867 SOC 1392/1228 CV 0/0 VDDRQ 619/504 SYS5V 2210/2016
RAM 4144/31921MB (lfb 3320x4MB) SWAP 0/15960MB (cached 0MB) CPU [50%@2188,66%@2188,50%@2188,100%@2187,off,off,off,off] EMC_FREQ 3%@1331 GR3D_FREQ 11%@420 APE 150 MTS fg 0% bg 24% AO@25C GPU@24C Tdiode@26.25C PMIC@50C AUX@24C CPU@26C thermal@24.3C Tboard@26C GPU 619/619 CPU 2940/1889 SOC 1392/1232 CV 0/0 VDDRQ 619/506 SYS5V 2210/2020
RAM 4144/31921MB (lfb 3320x4MB) SWAP 0/15960MB (cached 0MB) CPU [50%@2187,50%@2187,0%@2187,100%@2187,off,off,off,off] EMC_FREQ 4%@1331 GR3D_FREQ 54%@420 APE 150 MTS fg 2% bg 8% AO@25C GPU@24C Tdiode@26.25C PMIC@50C AUX@24C CPU@26C thermal@24.3C Tboard@26C GPU 619/619 CPU 2940/1911 SOC 1392/1235 CV 0/0 VDDRQ 619/508 SYS5V 2210/2024
RAM 4142/31921MB (lfb 3320x4MB) SWAP 0/15960MB (cached 0MB) CPU [33%@2188,33%@2188,50%@2188,66%@2188,off,off,off,off] EMC_FREQ 4%@1331 GR3D_FREQ 60%@420 APE 150 MTS fg 0% bg 10% AO@25C GPU@24.5C Tdiode@26.25C PMIC@50C AUX@24C CPU@26C thermal@24.3C Tboard@26C GPU 619/619 CPU 2940/1931 SOC 1392/1238 CV 0/0 VDDRQ 619/511 SYS5V 2250/2029
RAM 4143/31921MB (lfb 3320x4MB) SWAP 0/15960MB (cached 0MB) CPU [50%@2188,50%@2188,66%@2187,0%@2187,off,off,off,off] EMC_FREQ 4%@1331 GR3D_FREQ 55%@420 APE 150 MTS fg 4% bg 21% AO@25C GPU@24C Tdiode@26.25C PMIC@50C AUX@24C CPU@26C thermal@24.3C Tboard@26C GPU 619/619 CPU 2940/1951 SOC 1392/1241 CV 0/0 VDDRQ 619/513 SYS5V 2250/2033
RAM 4141/31921MB (lfb 3320x4MB) SWAP 0/15960MB (cached 0MB) CPU [50%@2187,40%@2187,75%@2188,60%@2187,off,off,off,off] EMC_FREQ 4%@1331 GR3D_FREQ 0%@420 APE 150 MTS fg 0% bg 11% AO@25C GPU@24C Tdiode@26.25C PMIC@50C AUX@24C CPU@26C thermal@24.3C Tboard@26C GPU 619/619 CPU 2940/1970 SOC 1392/1244 CV 0/0 VDDRQ 619/515 SYS5V 2210/2037
RAM 4143/31921MB (lfb 3320x4MB) SWAP 0/15960MB (cached 0MB) CPU [50%@2085,50%@2035,100%@2035,66%@2035,off,off,off,off] EMC_FREQ 4%@1331 GR3D_FREQ 56%@420 APE 150 MTS fg 0% bg 18% AO@25C GPU@24.5C Tdiode@26C PMIC@50C AUX@24C CPU@25.5C thermal@24.3C Tboard@26C GPU 619/619 CPU 2940/1989 SOC 1392/1247 CV 0/0 VDDRQ 619/517 SYS5V 2250/2041
RAM 4143/31921MB (lfb 3320x4MB) SWAP 0/15960MB (cached 0MB) CPU [0%@2187,33%@2187,33%@2186,100%@2187,off,off,off,off] EMC_FREQ 4%@1331 GR3D_FREQ 14%@420 APE 150 MTS fg 0% bg 16% AO@25C GPU@24.5C Tdiode@26C PMIC@50C AUX@24C CPU@26C thermal@24.3C Tboard@26C GPU 619/619 CPU 2940/2006 SOC 1392/1249 CV 0/0 VDDRQ 619/519 SYS5V 2250/2044
RAM 4141/31921MB (lfb 3320x4MB) SWAP 0/15960MB (cached 0MB) CPU [100%@2187,50%@2187,0%@2187,50%@2187,off,off,off,off] EMC_FREQ 4%@1331 GR3D_FREQ 25%@420 APE 150 MTS fg 1% bg 3% AO@25C GPU@24C Tdiode@26C PMIC@50C AUX@24C CPU@25.5C thermal@24.3C Tboard@26C GPU 619/619 CPU 2940/2023 SOC 1392/1252 CV 0/0 VDDRQ 619/520 SYS5V 2290/2049
RAM 4143/31921MB (lfb 3320x4MB) SWAP 0/15960MB (cached 0MB) CPU [33%@2187,33%@2187,100%@2187,66%@2187,off,off,off,off] EMC_FREQ 4%@1331 GR3D_FREQ 34%@420 APE 150 MTS fg 0% bg 12% AO@25C GPU@24C Tdiode@26C PMIC@50C AUX@24C CPU@25.5C thermal@24.3C Tboard@26C GPU 619/619 CPU 2940/2039 SOC 1392/1254 CV 0/0 VDDRQ 619/522 SYS5V 2290/2053
RAM 4143/31921MB (lfb 3320x4MB) SWAP 0/15960MB (cached 0MB) CPU [50%@2187,60%@2187,100%@2187,0%@2187,off,off,off,off] EMC_FREQ 4%@1331 GR3D_FREQ 25%@420 APE 150 MTS fg 1% bg 5% AO@24.5C GPU@24C Tdiode@26C PMIC@50C AUX@24C CPU@25.5C thermal@24.3C Tboard@26C GPU 619/619 CPU 2940/2055 SOC 1392/1257 CV 0/0 VDDRQ 619/524 SYS5V 2250/2057
RAM 4142/31921MB (lfb 3320x4MB) SWAP 0/15960MB (cached 0MB) CPU [60%@2187,50%@2187,33%@2187,50%@2187,off,off,off,off] EMC_FREQ 4%@1331 GR3D_FREQ 15%@420 APE 150 MTS fg 0% bg 27% AO@24.5C GPU@24C Tdiode@26C PMIC@50C AUX@24C CPU@25.5C thermal@24.3C Tboard@26C GPU 619/619 CPU 2940/2070 SOC 1392/1259 CV 0/0 VDDRQ 619/525 SYS5V 2290/2061
RAM 4144/31921MB (lfb 3320x4MB) SWAP 0/15960MB (cached 0MB) CPU [50%@2187,100%@2187,50%@2187,50%@2187,off,off,off,off] EMC_FREQ 4%@1331 GR3D_FREQ 20%@420 APE 150 MTS fg 0% bg 5% AO@25C GPU@24.5C Tdiode@26C PMIC@50C AUX@24C CPU@25.5C thermal@24.3C Tboard@26C GPU 619/619 CPU 2940/2085 SOC 1392/1261 CV 0/0 VDDRQ 619/527 SYS5V 2290/2065
RAM 4141/31921MB (lfb 3320x4MB) SWAP 0/15960MB (cached 0MB) CPU [33%@2187,100%@2187,0%@2187,33%@2187,off,off,off,off] EMC_FREQ 4%@1331 GR3D_FREQ 8%@420 APE 150 MTS fg 1% bg 4% AO@25C GPU@24.5C Tdiode@26C PMIC@50C AUX@24C CPU@26C thermal@24.3C Tboard@26C GPU 619/619 CPU 2940/2099 SOC 1392/1264 CV 0/0 VDDRQ 619/529 SYS5V 2290/2068
RAM 4142/31921MB (lfb 3320x4MB) SWAP 0/15960MB (cached 0MB) CPU [50%@2187,66%@2165,66%@2184,50%@2187,off,off,off,off] EMC_FREQ 4%@1331 GR3D_FREQ 54%@420 APE 150 MTS fg 0% bg 16% AO@25C GPU@24.5C Tdiode@26C PMIC@50C AUX@24C CPU@26C thermal@24.6C Tboard@26C GPU 619/619 CPU 2940/2113 SOC 1392/1266 CV 0/0 VDDRQ 619/530 SYS5V 2290/2072
RAM 4144/31921MB (lfb 3320x4MB) SWAP 0/15960MB (cached 0MB) CPU [33%@2187,100%@1880,33%@1880,33%@1880,off,off,off,off] EMC_FREQ 4%@1331 GR3D_FREQ 60%@420 APE 150 MTS fg 0% bg 5% AO@25C GPU@24.5C Tdiode@26C PMIC@50C AUX@24C CPU@26C thermal@24.6C Tboard@26C GPU 619/619 CPU 2785/2124 SOC 1392/1268 CV 0/0 VDDRQ 619/531 SYS5V 2290/2075
RAM 4142/31921MB (lfb 3320x4MB) SWAP 0/15960MB (cached 0MB) CPU [66%@2187,50%@2187,66%@2187,0%@2187,off,off,off,off] EMC_FREQ 4%@1331 GR3D_FREQ 53%@420 APE 150 MTS fg 0% bg 14% AO@25C GPU@24C Tdiode@26C PMIC@50C AUX@24C CPU@26C thermal@24.6C Tboard@26C GPU 619/619 CPU 2940/2137 SOC 1392/1270 CV 0/0 VDDRQ 619/533 SYS5V 2290/2079
RAM 4143/31921MB (lfb 3320x4MB) SWAP 0/15960MB (cached 0MB) CPU [50%@2187,33%@2187,0%@2188,33%@2187,off,off,off,off] EMC_FREQ 4%@1331 GR3D_FREQ 8%@420 APE 150 MTS fg 1% bg 2% AO@25C GPU@24.5C Tdiode@26C PMIC@50C AUX@24C CPU@26C thermal@24.6C Tboard@26C GPU 619/619 CPU 2940/2150 SOC 1392/1272 CV 0/0 VDDRQ 619/534 SYS5V 2290/2082
RAM 4143/31921MB (lfb 3320x4MB) SWAP 0/15960MB (cached 0MB) CPU [33%@2187,0%@2187,100%@2187,66%@2187,off,off,off,off] EMC_FREQ 4%@1331 GR3D_FREQ 1%@420 APE 150 MTS fg 0% bg 8% AO@25C GPU@24.5C Tdiode@26C PMIC@50C AUX@24C CPU@25.5C thermal@24.6C Tboard@26C GPU 619/619 CPU 2940/2162 SOC 1392/1273 CV 0/0 VDDRQ 619/535 SYS5V 2290/2085
RAM 4142/31921MB (lfb 3320x4MB) SWAP 0/15960MB (cached 0MB) CPU [50%@2187,66%@2187,50%@2188,50%@2187,off,off,off,off] EMC_FREQ 4%@1331 GR3D_FREQ 60%@420 APE 150 MTS fg 1% bg 10% AO@24.5C GPU@24C Tdiode@26C PMIC@50C AUX@24C CPU@26C thermal@24.6C Tboard@26C GPU 619/619 CPU 2940/2173 SOC 1392/1275 CV 0/0 VDDRQ 619/537 SYS5V 2290/2088
RAM 4144/31921MB (lfb 3320x4MB) SWAP 0/15960MB (cached 0MB) CPU [50%@2187,100%@2187,33%@2187,33%@2187,off,off,off,off] EMC_FREQ 4%@1331 GR3D_FREQ 57%@420 APE 150 MTS fg 0% bg 13% AO@25C GPU@24.5C Tdiode@26C PMIC@50C AUX@24C CPU@26C thermal@24.6C Tboard@26C GPU 619/619 CPU 2785/2183 SOC 1392/1277 CV 0/0 VDDRQ 619/538 SYS5V 2290/2091
RAM 4141/31921MB (lfb 3320x4MB) SWAP 0/15960MB (cached 0MB) CPU [66%@2187,66%@2187,50%@2187,33%@2187,off,off,off,off] EMC_FREQ 4%@1331 GR3D_FREQ 11%@420 APE 150 MTS fg 1% bg 17% AO@25C GPU@24C Tdiode@26C PMIC@50C AUX@24C CPU@26C thermal@24.6C Tboard@26C GPU 619/619 CPU 2940/2194 SOC 1392/1279 CV 0/0 VDDRQ 619/539 SYS5V 2290/2094
RAM 4143/31921MB (lfb 3320x4MB) SWAP 0/15960MB (cached 0MB) CPU [100%@2187,66%@2187,33%@2187,50%@2187,off,off,off,off] EMC_FREQ 4%@1331 GR3D_FREQ 18%@420 APE 150 MTS fg 1% bg 4% AO@25C GPU@24.5C Tdiode@26C PMIC@50C AUX@24C CPU@26C thermal@24.6C Tboard@26C GPU 619/619 CPU 2940/2205 SOC 1392/1280 CV 0/0 VDDRQ 619/540 SYS5V 2290/2097
RAM 4144/31921MB (lfb 3320x4MB) SWAP 0/15960MB (cached 0MB) CPU [100%@2187,33%@2187,0%@2187,33%@2187,off,off,off,off] EMC_FREQ 4%@1331 GR3D_FREQ 30%@420 APE 150 MTS fg 0% bg 0% AO@25C GPU@24.5C Tdiode@26C PMIC@50C AUX@24C CPU@26C thermal@24.6C Tboard@26C GPU 619/619 CPU 2940/2215 SOC 1392/1282 CV 0/0 VDDRQ 619/541 SYS5V 2290/2100
RAM 4141/31921MB (lfb 3320x4MB) SWAP 0/15960MB (cached 0MB) CPU [66%@2187,33%@2187,60%@2188,50%@2187,off,off,off,off] EMC_FREQ 4%@1331 GR3D_FREQ 32%@420 APE 150 MTS fg 0% bg 6% AO@25C GPU@24.5C Tdiode@26C PMIC@50C AUX@24C CPU@26C thermal@24.6C Tboard@26C GPU 619/619 CPU 2785/2223 SOC 1392/1283 CV 0/0 VDDRQ 619/542 SYS5V 2290/2103
RAM 4143/31921MB (lfb 3320x4MB) SWAP 0/15960MB (cached 0MB) CPU [66%@2187,33%@2187,0%@2187,100%@2188,off,off,off,off] EMC_FREQ 4%@1331 GR3D_FREQ 27%@420 APE 150 MTS fg 0% bg 9% AO@24.5C GPU@24.5C Tdiode@26C PMIC@50C AUX@24C CPU@26C thermal@24.6C Tboard@26C GPU 619/619 CPU 2940/2233 SOC 1392/1285 CV 0/0 VDDRQ 619/544 SYS5V 2290/2105
RAM 4144/31921MB (lfb 3320x4MB) SWAP 0/15960MB (cached 0MB) CPU [33%@2187,66%@2187,50%@2187,100%@2187,off,off,off,off] EMC_FREQ 4%@1331 GR3D_FREQ 22%@420 APE 150 MTS fg 0% bg 6% AO@24.5C GPU@24.5C Tdiode@26C PMIC@50C AUX@24C CPU@26C thermal@24.6C Tboard@26C GPU 619/619 CPU 2785/2241 SOC 1392/1286 CV 0/0 VDDRQ 619/545 SYS5V 2290/2108
RAM 4142/31921MB (lfb 3320x4MB) SWAP 0/15960MB (cached 0MB) CPU [50%@2187,33%@2187,50%@2187,66%@2187,off,off,off,off] EMC_FREQ 4%@1331 GR3D_FREQ 8%@420 APE 150 MTS fg 0% bg 16% AO@25C GPU@24.5C Tdiode@26C PMIC@50C AUX@24C CPU@26C thermal@24.6C Tboard@26C GPU 619/619 CPU 2785/2248 SOC 1392/1288 CV 0/0 VDDRQ 619/546 SYS5V 2331/2111
RAM 4144/31921MB (lfb 3320x4MB) SWAP 0/15960MB (cached 0MB) CPU [0%@2187,0%@2187,100%@2187,50%@2187,off,off,off,off] EMC_FREQ 4%@1331 GR3D_FREQ 50%@420 APE 150 MTS fg 1% bg 12% AO@25C GPU@24.5C Tdiode@26C PMIC@50C AUX@24C CPU@25.5C thermal@24.6C Tboard@26C GPU 619/619 CPU 2785/2255 SOC 1392/1289 CV 0/0 VDDRQ 619/547 SYS5V 2290/2113
RAM 4141/31921MB (lfb 3320x4MB) SWAP 0/15960MB (cached 0MB) CPU [50%@2187,50%@2187,66%@2187,33%@2187,off,off,off,off] EMC_FREQ 4%@1331 GR3D_FREQ 51%@420 APE 150 MTS fg 0% bg 8% AO@25C GPU@24.5C Tdiode@26C PMIC@50C AUX@24C CPU@25.5C thermal@24.6C Tboard@26C GPU 619/619 CPU 2785/2262 SOC 1392/1290 CV 0/0 VDDRQ 619/547 SYS5V 2290/2115
RAM 4143/31921MB (lfb 3320x4MB) SWAP 0/15960MB (cached 0MB) CPU [50%@2187,50%@2187,50%@2187,75%@2187,off,off,off,off] EMC_FREQ 4%@1331 GR3D_FREQ 8%@420 APE 150 MTS fg 0% bg 20% AO@25C GPU@24C Tdiode@26C PMIC@50C AUX@24C CPU@25.5C thermal@24.6C Tboard@26C GPU 619/619 CPU 2785/2269 SOC 1392/1292 CV 0/0 VDDRQ 619/548 SYS5V 2331/2118
RAM 4144/31921MB (lfb 3320x4MB) SWAP 0/15960MB (cached 0MB) CPU [33%@2187,0%@2187,33%@2188,100%@2188,off,off,off,off] EMC_FREQ 4%@1331 GR3D_FREQ 3%@420 APE 150 MTS fg 0% bg 9% AO@25C GPU@24.5C Tdiode@26C PMIC@50C AUX@24C CPU@26C thermal@24.6C Tboard@26C GPU 619/619 CPU 2785/2275 SOC 1392/1293 CV 0/0 VDDRQ 619/549 SYS5V 2290/2120
RAM 4141/31921MB (lfb 3320x4MB) SWAP 0/15960MB (cached 0MB) CPU [50%@2187,50%@2188,66%@2187,66%@2187,off,off,off,off] EMC_FREQ 4%@1331 GR3D_FREQ 1%@420 APE 150 MTS fg 1% bg 11% AO@25C GPU@24.5C Tdiode@26C PMIC@50C AUX@24C CPU@26C thermal@24.6C Tboard@26C GPU 619/619 CPU 2785/2282 SOC 1392/1294 CV 0/0 VDDRQ 619/550 SYS5V 2331/2123
RAM 4142/31921MB (lfb 3320x4MB) SWAP 0/15960MB (cached 0MB) CPU [75%@2187,75%@2188,100%@2188,100%@2188,off,off,off,off] EMC_FREQ 4%@1331 GR3D_FREQ 10%@420 APE 150 MTS fg 2% bg 23% AO@24.5C GPU@24.5C Tdiode@26C PMIC@50C AUX@24C CPU@26C thermal@24.6C Tboard@26C GPU 619/619 CPU 2940/2290 SOC 1392/1296 CV 0/0 VDDRQ 619/551 SYS5V 2290/2125
RAM 4143/31921MB (lfb 3320x4MB) SWAP 0/15960MB (cached 0MB) CPU [33%@2187,66%@2187,100%@2187,0%@2187,off,off,off,off] EMC_FREQ 4%@1331 GR3D_FREQ 14%@420 APE 150 MTS fg 0% bg 9% AO@25C GPU@24.5C Tdiode@26C PMIC@50C AUX@24C CPU@26C thermal@24.6C Tboard@26C GPU 619/619 CPU 2940/2298 SOC 1392/1297 CV 0/0 VDDRQ 619/552 SYS5V 2290/2127
RAM 4142/31921MB (lfb 3320x4MB) SWAP 0/15960MB (cached 0MB) CPU [50%@2187,33%@2187,50%@2186,66%@2187,off,off,off,off] EMC_FREQ 5%@1331 GR3D_FREQ 47%@420 APE 150 MTS fg 0% bg 12% AO@24.5C GPU@24.5C Tdiode@26C PMIC@50C AUX@24C CPU@26C thermal@24.6C Tboard@26C GPU 619/619 CPU 2940/2306 SOC 1392/1298 CV 0/0 VDDRQ 619/553 SYS5V 2331/2130
RAM 4144/31921MB (lfb 3320x4MB) SWAP 0/15960MB (cached 0MB) CPU [50%@2187,80%@2187,33%@2187,66%@2187,off,off,off,off] EMC_FREQ 5%@1331 GR3D_FREQ 39%@420 APE 150 MTS fg 0% bg 15% AO@25C GPU@24.5C Tdiode@26C PMIC@50C AUX@24C CPU@26C thermal@24.6C Tboard@26C GPU 619/619 CPU 2940/2314 SOC 1392/1299 CV 0/0 VDDRQ 619/553 SYS5V 2290/2132
RAM 4144/31921MB (lfb 3320x4MB) SWAP 0/15960MB (cached 0MB) CPU [0%@2187,66%@2187,0%@2187,100%@2187,off,off,off,off] EMC_FREQ 5%@1331 GR3D_FREQ 20%@420 APE 150 MTS fg 0% bg 21% AO@25C GPU@24.5C Tdiode@26C PMIC@50C AUX@24C CPU@25.5C thermal@24.6C Tboard@26C GPU 619/619 CPU 2940/2321 SOC 1392/1300 CV 0/0 VDDRQ 619/554 SYS5V 2290/2133
RAM 4143/31921MB (lfb 3320x4MB) SWAP 0/15960MB (cached 0MB) CPU [60%@2187,33%@2188,50%@2187,66%@2187,off,off,off,off] EMC_FREQ 5%@1331 GR3D_FREQ 32%@420 APE 150 MTS fg 0% bg 15% AO@25C GPU@24C Tdiode@26C PMIC@50C AUX@24C CPU@25.5C thermal@24.6C Tboard@26C GPU 619/619 CPU 2940/2328 SOC 1392/1301 CV 0/0 VDDRQ 619/555 SYS5V 2290/2135
RAM 4144/31921MB (lfb 3320x4MB) SWAP 0/15960MB (cached 0MB) CPU [0%@2187,0%@2187,33%@2187,100%@2187,off,off,off,off] EMC_FREQ 5%@1331 GR3D_FREQ 42%@420 APE 150 MTS fg 0% bg 10% AO@25C GPU@24.5C Tdiode@26C PMIC@50C AUX@24C CPU@25.5C thermal@24.6C Tboard@26C GPU 619/619 CPU 2940/2335 SOC 1392/1302 CV 0/0 VDDRQ 619/556 SYS5V 2290/2137
RAM 4142/31921MB (lfb 3320x4MB) SWAP 0/15960MB (cached 0MB) CPU [50%@2187,66%@2187,50%@1880,75%@1879,off,off,off,off] EMC_FREQ 5%@1331 GR3D_FREQ 51%@420 APE 150 MTS fg 0% bg 17% AO@25C GPU@24.5C Tdiode@26C PMIC@50C AUX@24C CPU@25.5C thermal@24.6C Tboard@26C GPU 619/619 CPU 2940/2342 SOC 1392/1303 CV 0/0 VDDRQ 619/556 SYS5V 2331/2139
RAM 4143/31921MB (lfb 3320x4MB) SWAP 0/15960MB (cached 0MB) CPU [66%@2187,0%@2187,0%@2187,0%@2187,off,off,off,off] EMC_FREQ 5%@1331 GR3D_FREQ 51%@420 APE 150 MTS fg 1% bg 7% AO@25C GPU@24.5C Tdiode@25.75C PMIC@50C AUX@24C CPU@26C thermal@24.6C Tboard@26C GPU 619/619 CPU 2940/2349 SOC 1392/1304 CV 0/0 VDDRQ 619/557 SYS5V 2290/2141
RAM 4144/31921MB (lfb 3320x4MB) SWAP 0/15960MB (cached 0MB) CPU [100%@2187,0%@2187,0%@2187,33%@2187,off,off,off,off] EMC_FREQ 5%@1331 GR3D_FREQ 10%@420 APE 150 MTS fg 0% bg 0% AO@24.5C GPU@24.5C Tdiode@25.75C PMIC@50C AUX@24C CPU@26C thermal@24.6C Tboard@26C GPU 619/619 CPU 2940/2356 SOC 1392/1305 CV 0/0 VDDRQ 619/558 SYS5V 2290/2143
RAM 4141/31921MB (lfb 3320x4MB) SWAP 0/15960MB (cached 0MB) CPU [100%@2187,33%@2187,66%@2187,0%@2187,off,off,off,off] EMC_FREQ 5%@1331 GR3D_FREQ 2%@420 APE 150 MTS fg 0% bg 3% AO@25C GPU@24.5C Tdiode@25.75C PMIC@50C AUX@24C CPU@25.5C thermal@24.6C Tboard@26C GPU 619/619 CPU 2940/2362 SOC 1392/1306 CV 0/0 VDDRQ 619/559 SYS5V 2290/2144
RAM 4142/31921MB (lfb 3320x4MB) SWAP 0/15960MB (cached 0MB) CPU [66%@2187,50%@2187,66%@2187,50%@2187,off,off,off,off] EMC_FREQ 5%@1331 GR3D_FREQ 61%@420 APE 150 MTS fg 1% bg 16% AO@25C GPU@24.5C Tdiode@25.75C PMIC@50C AUX@24C CPU@26C thermal@24.6C Tboard@26C GPU 619/619 CPU 2940/2369 SOC 1392/1307 CV 0/0 VDDRQ 619/559 SYS5V 2290/2146
RAM 4144/31921MB (lfb 3320x4MB) SWAP 0/15960MB (cached 0MB) CPU [0%@2187,50%@2187,0%@2186,100%@2187,off,off,off,off] EMC_FREQ 5%@1331 GR3D_FREQ 59%@420 APE 150 MTS fg 0% bg 15% AO@24.5C GPU@24.5C Tdiode@25.75C PMIC@50C AUX@24C CPU@25.5C thermal@24.6C Tboard@26C GPU 619/619 CPU 2940/2375 SOC 1392/1308 CV 0/0 VDDRQ 619/560 SYS5V 2290/2147
RAM 4141/31921MB (lfb 3320x4MB) SWAP 0/15960MB (cached 0MB) CPU [33%@2186,50%@2187,33%@2186,50%@2186,off,off,off,off] EMC_FREQ 5%@1331 GR3D_FREQ 4%@420 APE 150 MTS fg 0% bg 16% AO@25C GPU@24.5C Tdiode@25.75C PMIC@50C AUX@24C CPU@26C thermal@24.6C Tboard@26C GPU 619/619 CPU 2940/2381 SOC 1392/1309 CV 0/0 VDDRQ 619/560 SYS5V 2290/2149
RAM 4144/31921MB (lfb 3320x4MB) SWAP 0/15960MB (cached 0MB) CPU [50%@2187,66%@2187,50%@2187,33%@2187,off,off,off,off] EMC_FREQ 5%@1331 GR3D_FREQ 10%@420 APE 150 MTS fg 0% bg 6% AO@25C GPU@24C Tdiode@25.75C PMIC@50C AUX@24C CPU@26C thermal@24.6C Tboard@26C GPU 619/619 CPU 2940/2387 SOC 1392/1310 CV 0/0 VDDRQ 619/561 SYS5V 2290/2150
RAM 4144/31921MB (lfb 3320x4MB) SWAP 0/15960MB (cached 0MB) CPU [33%@2187,100%@2187,33%@2187,66%@2187,off,off,off,off] EMC_FREQ 5%@1331 GR3D_FREQ 20%@420 APE 150 MTS fg 0% bg 10% AO@24.5C GPU@24.5C Tdiode@25.75C PMIC@50C AUX@24C CPU@26C thermal@24.6C Tboard@26C GPU 619/619 CPU 2940/2393 SOC 1392/1311 CV 0/0 VDDRQ 619/562 SYS5V 2290/2152
RAM 4142/31921MB (lfb 3320x4MB) SWAP 0/15960MB (cached 0MB) CPU [50%@2187,50%@2186,50%@2187,0%@2187,off,off,off,off] EMC_FREQ 5%@1331 GR3D_FREQ 42%@420 APE 150 MTS fg 1% bg 8% AO@25C GPU@24.5C Tdiode@25.75C PMIC@50C AUX@24C CPU@26C thermal@24.6C Tboard@26C GPU 619/619 CPU 2940/2398 SOC 1392/1312 CV 0/0 VDDRQ 619/562 SYS5V 2331/2154
RAM 4144/31921MB (lfb 3320x4MB) SWAP 0/15960MB (cached 0MB) CPU [66%@2187,50%@2187,100%@2187,33%@2187,off,off,off,off] EMC_FREQ 5%@1331 GR3D_FREQ 43%@420 APE 150 MTS fg 0% bg 15% AO@24.5C GPU@24.5C Tdiode@26C PMIC@50C AUX@24C CPU@26C thermal@24.6C Tboard@26C GPU 619/619 CPU 2940/2404 SOC 1392/1312 CV 0/0 VDDRQ 619/563 SYS5V 2290/2155
RAM 4143/31921MB (lfb 3320x4MB) SWAP 0/15960MB (cached 0MB) CPU [0%@2187,0%@2187,66%@2187,50%@2187,off,off,off,off] EMC_FREQ 5%@1331 GR3D_FREQ 29%@420 APE 150 MTS fg 0% bg 7% AO@25C GPU@24.5C Tdiode@26C PMIC@50C AUX@24C CPU@26C thermal@24.6C Tboard@26C GPU 619/619 CPU 2940/2409 SOC 1392/1313 CV 0/0 VDDRQ 619/563 SYS5V 2290/2157
RAM 4142/31921MB (lfb 3320x4MB) SWAP 0/15960MB (cached 0MB) CPU [50%@2187,0%@2187,100%@2187,0%@2187,off,off,off,off] EMC_FREQ 5%@1331 GR3D_FREQ 38%@420 APE 150 MTS fg 0% bg 17% AO@25C GPU@24C Tdiode@26C PMIC@50C AUX@24C CPU@25.5C thermal@24.6C Tboard@26C GPU 619/619 CPU 2940/2415 SOC 1392/1314 CV 0/0 VDDRQ 619/564 SYS5V 2331/2158
RAM 4145/31921MB (lfb 3320x4MB) SWAP 0/15960MB (cached 0MB) CPU [50%@2187,50%@2187,100%@2187,33%@2187,off,off,off,off] EMC_FREQ 5%@1331 GR3D_FREQ 22%@420 APE 150 MTS fg 0% bg 11% AO@25C GPU@24.5C Tdiode@26C PMIC@50C AUX@24C CPU@26C thermal@24.6C Tboard@26C GPU 619/619 CPU 2940/2420 SOC 1392/1315 CV 0/0 VDDRQ 619/565 SYS5V 2290/2160
RAM 4141/31921MB (lfb 3320x4MB) SWAP 0/15960MB (cached 0MB) CPU [66%@2186,50%@2187,100%@2173,33%@2035,off,off,off,off] EMC_FREQ 5%@1331 GR3D_FREQ 15%@420 APE 150 MTS fg 1% bg 11% AO@25C GPU@24C Tdiode@26C PMIC@50C AUX@24C CPU@26C thermal@24.6C Tboard@26C GPU 619/619 CPU 2940/2425 SOC 1392/1315 CV 0/0 VDDRQ 619/565 SYS5V 2331/2161
RAM 4144/31921MB (lfb 3320x4MB) SWAP 0/15960MB (cached 0MB) CPU [33%@2186,33%@2187,66%@2187,33%@2187,off,off,off,off] EMC_FREQ 6%@1065 GR3D_FREQ 11%@420 APE 150 MTS fg 0% bg 6% AO@25C GPU@24.5C Tdiode@26C PMIC@50C AUX@24C CPU@26C thermal@24.6C Tboard@26C GPU 619/619 CPU 2785/2429 SOC 1392/1316 CV 0/0 VDDRQ 619/566 SYS5V 2331/2163
RAM 4144/31921MB (lfb 3320x4MB) SWAP 0/15960MB (cached 0MB) CPU [50%@2187,33%@2187,100%@2187,50%@2187,off,off,off,off] EMC_FREQ 5%@1331 GR3D_FREQ 21%@420 APE 150 MTS fg 0% bg 10% AO@25C GPU@24C Tdiode@26C PMIC@50C AUX@24C CPU@26C thermal@24.6C Tboard@26C GPU 619/619 CPU 2785/2432 SOC 1392/1317 CV 0/0 VDDRQ 619/566 SYS5V 2290/2164
RAM 4142/31921MB (lfb 3320x4MB) SWAP 0/15960MB (cached 0MB) CPU [50%@2187,33%@2187,80%@2186,66%@2186,off,off,off,off] EMC_FREQ 5%@1331 GR3D_FREQ 56%@420 APE 150 MTS fg 4% bg 22% AO@25C GPU@24.5C Tdiode@26C PMIC@50C AUX@24C CPU@26C thermal@24.6C Tboard@26C GPU 619/619 CPU 2785/2435 SOC 1392/1318 CV 0/0 VDDRQ 619/567 SYS5V 2331/2166
RAM 4144/31921MB (lfb 3320x4MB) SWAP 0/15960MB (cached 0MB) CPU [0%@2187,0%@2187,100%@2187,33%@2187,off,off,off,off] EMC_FREQ 5%@1331 GR3D_FREQ 55%@420 APE 150 MTS fg 0% bg 20% AO@25C GPU@24.5C Tdiode@26C PMIC@50C AUX@24C CPU@26C thermal@24.6C Tboard@26C GPU 619/619 CPU 2940/2440 SOC 1392/1318 CV 0/0 VDDRQ 619/567 SYS5V 2331/2167
RAM 4141/31921MB (lfb 3320x4MB) SWAP 0/15960MB (cached 0MB) CPU [66%@2187,33%@2187,100%@2186,50%@2187,off,off,off,off] EMC_FREQ 5%@1331 GR3D_FREQ 2%@420 APE 150 MTS fg 0% bg 15% AO@25C GPU@24.5C Tdiode@26C PMIC@50C AUX@24C CPU@26C thermal@24.6C Tboard@26C GPU 619/619 CPU 2940/2445 SOC 1392/1319 CV 0/0 VDDRQ 619/568 SYS5V 2331/2169
RAM 4141/31921MB (lfb 3320x4MB) SWAP 0/15960MB (cached 0MB) CPU [66%@2186,33%@2187,66%@2186,33%@2187,off,off,off,off] EMC_FREQ 5%@1331 GR3D_FREQ 0%@420 APE 150 MTS fg 0% bg 5% AO@25C GPU@24.5C Tdiode@26C PMIC@50C AUX@24C CPU@26C thermal@24.6C Tboard@26C GPU 619/619 CPU 2940/2450 SOC 1392/1320 CV 0/0 VDDRQ 619/568 SYS5V 2331/2170
RAM 4142/31921MB (lfb 3320x4MB) SWAP 0/15960MB (cached 0MB) CPU [0%@2187,33%@2187,0%@2187,100%@2187,off,off,off,off] EMC_FREQ 5%@1331 GR3D_FREQ 18%@420 APE 150 MTS fg 0% bg 3% AO@25C GPU@24.5C Tdiode@26C PMIC@50C AUX@24C CPU@26C thermal@24.6C Tboard@26C GPU 619/619 CPU 2940/2454 SOC 1392/1320 CV 0/0 VDDRQ 619/569 SYS5V 2290/2172
RAM 4141/31921MB (lfb 3320x4MB) SWAP 0/15960MB (cached 0MB) CPU [66%@2187,0%@2187,0%@2187,100%@2187,off,off,off,off] EMC_FREQ 5%@1331 GR3D_FREQ 15%@420 APE 150 MTS fg 0% bg 7% AO@25C GPU@24.5C Tdiode@26C PMIC@50C AUX@24C CPU@25.5C thermal@24.6C Tboard@26C GPU 619/619 CPU 2785/2457 SOC 1392/1321 CV 0/0 VDDRQ 619/569 SYS5V 2290/2173
RAM 4140/31921MB (lfb 3320x4MB) SWAP 0/15960MB (cached 0MB) CPU [0%@2187,0%@2187,0%@2138,50%@2132,off,off,off,off] EMC_FREQ 5%@1331 GR3D_FREQ 0%@420 APE 150 MTS fg 0% bg 14% AO@25C GPU@24.5C Tdiode@26C PMIC@50C AUX@24C CPU@25.5C thermal@24.6C Tboard@26C GPU 619/619 CPU 2785/2460 SOC 1392/1322 CV 0/0 VDDRQ 619/569 SYS5V 2290/2174
RAM 4140/31921MB (lfb 3320x4MB) SWAP 0/15960MB (cached 0MB) CPU [25%@1804,0%@1768,0%@1651,0%@1651,off,off,off,off] EMC_FREQ 6%@1065 GR3D_FREQ 16%@420 APE 150 MTS fg 0% bg 2% AO@25C GPU@24.5C Tdiode@26C PMIC@50C AUX@24C CPU@25.5C thermal@24.6C Tboard@26C GPU 619/619 CPU 2630/2462 SOC 1392/1322 CV 0/0 VDDRQ 619/570 SYS5V 2250/2174
RAM 4140/31921MB (lfb 3320x4MB) SWAP 0/15960MB (cached 0MB) CPU [0%@1190,33%@1190,0%@1190,0%@1190,off,off,off,off] EMC_FREQ 6%@1065 GR3D_FREQ 0%@420 APE 150 MTS fg 0% bg 6% AO@25C GPU@24.5C Tdiode@26C PMIC@50C AUX@24C CPU@25.5C thermal@24.6C Tboard@26C GPU 619/619 CPU 2477/2462 SOC 1393/1323 CV 0/0 VDDRQ 619/570 SYS5V 2250/2175
RAM 4140/31921MB (lfb 3320x4MB) SWAP 0/15960MB (cached 0MB) CPU [33%@1190,33%@1190,0%@1190,0%@1190,off,off,off,off] EMC_FREQ 6%@1065 GR3D_FREQ 0%@420 APE 150 MTS fg 0% bg 2% AO@24.5C GPU@24.5C Tdiode@26C PMIC@50C AUX@24C CPU@25.5C thermal@24.6C Tboard@26C GPU 619/619 CPU 2322/2461 SOC 1238/1322 CV 0/0 VDDRQ 619/571 SYS5V 2210/2175
RAM 4140/31921MB (lfb 3320x4MB) SWAP 0/15960MB (cached 0MB) CPU [33%@1190,33%@1190,0%@1190,33%@1190,off,off,off,off] EMC_FREQ 6%@1065 GR3D_FREQ 0%@420 APE 150 MTS fg 0% bg 5% AO@25C GPU@24C Tdiode@26C PMIC@50C AUX@24C CPU@25.5C thermal@24.6C Tboard@26C GPU 619/619 CPU 2167/2458 SOC 1238/1321 CV 0/0 VDDRQ 619/571 SYS5V 2170/2175
RAM 4142/31921MB (lfb 3320x4MB) SWAP 0/15960MB (cached 0MB) CPU [50%@1190,0%@1190,33%@1190,0%@1190,off,off,off,off] EMC_FREQ 6%@1065 GR3D_FREQ 0%@420 APE 150 MTS fg 0% bg 6% AO@24.5C GPU@24.5C Tdiode@26C PMIC@50C AUX@24C CPU@25C thermal@24.6C Tboard@26C GPU 619/619 CPU 2167/2455 SOC 1238/1321 CV 0/0 VDDRQ 464/570 SYS5V 2170/2175
RAM 4141/31921MB (lfb 3320x4MB) SWAP 0/15960MB (cached 0MB) CPU [50%@2187,66%@2187,80%@2187,50%@2187,off,off,off,off] EMC_FREQ 5%@1065 GR3D_FREQ 0%@420 APE 150 MTS fg 0% bg 25% AO@25C GPU@24C Tdiode@26.25C PMIC@50C AUX@24C CPU@25.5C thermal@24.6C Tboard@26C GPU 619/619 CPU 2167/2453 SOC 1238/1320 CV 0/0 VDDRQ 464/569 SYS5V 2170/2175
RAM 4140/31921MB (lfb 3320x4MB) SWAP 0/15960MB (cached 0MB) CPU [0%@2187,0%@2187,33%@2187,33%@2187,off,off,off,off] EMC_FREQ 4%@1331 GR3D_FREQ 0%@420 APE 150 MTS fg 0% bg 18% AO@25C GPU@24.5C Tdiode@26.25C PMIC@50C AUX@24C CPU@25.5C thermal@24.6C Tboard@26C GPU 619/619 CPU 2167/2451 SOC 1238/1319 CV 0/0 VDDRQ 464/568 SYS5V 2130/2175
RAM 4140/31921MB (lfb 3320x4MB) SWAP 0/15960MB (cached 0MB) CPU [0%@1571,0%@1266,0%@1190,33%@1417,off,off,off,off] EMC_FREQ 5%@1065 GR3D_FREQ 0%@420 APE 150 MTS fg 0% bg 8% AO@25C GPU@24.5C Tdiode@26.25C PMIC@50C AUX@24C CPU@25.5C thermal@24.6C Tboard@26C GPU 619/619 CPU 2013/2447 SOC 1238/1319 CV 0/0 VDDRQ 464/567 SYS5V 2130/2174
RAM 4140/31921MB (lfb 3320x4MB) SWAP 0/15960MB (cached 0MB) CPU [33%@1190,33%@1190,0%@1190,0%@1190,off,off,off,off] EMC_FREQ 5%@1065 GR3D_FREQ 22%@420 APE 150 MTS fg 0% bg 4% AO@25C GPU@24.5C Tdiode@26.25C PMIC@50C AUX@24C CPU@25C thermal@24.6C Tboard@26C GPU 619/619 CPU 2013/2443 SOC 1239/1318 CV 0/0 VDDRQ 464/567 SYS5V 2130/2174
RAM 4140/31921MB (lfb 3320x4MB) SWAP 0/15960MB (cached 0MB) CPU [0%@1190,33%@1190,0%@1190,0%@1190,off,off,off,off] EMC_FREQ 5%@1065 GR3D_FREQ 0%@420 APE 150 MTS fg 0% bg 1% AO@25C GPU@24.5C Tdiode@26.25C PMIC@50C AUX@24C CPU@25.5C thermal@24.6C Tboard@26C GPU 619/619 CPU 1858/2438 SOC 1239/1317 CV 0/0 VDDRQ 464/566 SYS5V 2089/2173
RAM 4140/31921MB (lfb 3320x4MB) SWAP 0/15960MB (cached 0MB) CPU [25%@1190,0%@1190,0%@1190,0%@1190,off,off,off,off] EMC_FREQ 5%@1065 GR3D_FREQ 0%@420 APE 150 MTS fg 0% bg 3% AO@25C GPU@24.5C Tdiode@26.25C PMIC@50C AUX@24C CPU@25C thermal@24.6C Tboard@26C GPU 619/619 CPU 1858/2433 SOC 1239/1317 CV 0/0 VDDRQ 464/565 SYS5V 2089/2173
RAM 4140/31921MB (lfb 3320x4MB) SWAP 0/15960MB (cached 0MB) CPU [0%@1190,33%@1190,0%@1190,0%@1190,off,off,off,off] EMC_FREQ 5%@1065 GR3D_FREQ 0%@420 APE 150 MTS fg 0% bg 0% AO@25C GPU@24.5C Tdiode@26.25C PMIC@50C AUX@24C CPU@25.5C thermal@24.6C Tboard@26C GPU 619/619 CPU 1703/2427 SOC 1239/1316 CV 0/0 VDDRQ 465/564 SYS5V 2049/2172
RAM 4140/31921MB (lfb 3320x4MB) SWAP 0/15960MB (cached 0MB) CPU [0%@1190,0%@1190,0%@1190,0%@1190,off,off,off,off] EMC_FREQ 5%@1065 GR3D_FREQ 0%@420 APE 150 MTS fg 0% bg 6% AO@25C GPU@24.5C Tdiode@26.25C PMIC@50C AUX@24C CPU@25C thermal@24.6C Tboard@26C GPU 619/619 CPU 1703/2422 SOC 1239/1315 CV 0/0 VDDRQ 465/563 SYS5V 2049/2171
RAM 4140/31921MB (lfb 3320x4MB) SWAP 0/15960MB (cached 0MB) CPU [33%@1190,0%@1190,33%@1190,0%@1190,off,off,off,off] EMC_FREQ 5%@1065 GR3D_FREQ 0%@420 APE 150 MTS fg 0% bg 1% AO@25C GPU@24.5C Tdiode@26.25C PMIC@50C AUX@24C CPU@25C thermal@24.6C Tboard@26C GPU 619/619 CPU 1548/2415 SOC 1239/1315 CV 0/0 VDDRQ 465/562 SYS5V 2049/2170
RAM 4140/31921MB (lfb 3320x4MB) SWAP 0/15960MB (cached 0MB) CPU [0%@1190,33%@1190,0%@1190,0%@1190,off,off,off,off] EMC_FREQ 5%@1065 GR3D_FREQ 0%@420 APE 150 MTS fg 0% bg 1% AO@25C GPU@24C Tdiode@26C PMIC@50C AUX@24C CPU@25C thermal@24.6C Tboard@26C GPU 619/619 CPU 1549/2408 SOC 1239/1314 CV 0/0 VDDRQ 465/562 SYS5V 2009/2168
RAM 4140/31921MB (lfb 3320x4MB) SWAP 0/15960MB (cached 0MB) CPU [0%@1190,50%@1190,0%@1190,0%@1190,off,off,off,off] EMC_FREQ 5%@1065 GR3D_FREQ 0%@420 APE 150 MTS fg 0% bg 12% AO@25C GPU@24.5C Tdiode@26C PMIC@50C AUX@24C CPU@25.5C thermal@24.6C Tboard@26C GPU 464/617 CPU 1394/2400 SOC 1239/1314 CV 0/0 VDDRQ 465/561 SYS5V 2009/2167
RAM 4140/31921MB (lfb 3320x4MB) SWAP 0/15960MB (cached 0MB) CPU [0%@1190,33%@1190,33%@1190,50%@1190,off,off,off,off] EMC_FREQ 5%@1065 GR3D_FREQ 16%@420 APE 150 MTS fg 0% bg 11% AO@25C GPU@24.5C Tdiode@26C PMIC@50C AUX@24C CPU@25C thermal@24.6C Tboard@26C GPU 619/617 CPU 1394/2392 SOC 1239/1313 CV 0/0 VDDRQ 465/560 SYS5V 2009/2166
RAM 4140/31921MB (lfb 3320x4MB) SWAP 0/15960MB (cached 0MB) CPU [50%@1330,50%@1190,0%@1190,33%@1190,off,off,off,off] EMC_FREQ 5%@1065 GR3D_FREQ 13%@420 APE 150 MTS fg 0% bg 14% AO@24.5C GPU@24.5C Tdiode@26C PMIC@50C AUX@24C CPU@25C thermal@24.6C Tboard@26C GPU 619/617 CPU 1394/2384 SOC 1239/1312 CV 0/0 VDDRQ 465/559 SYS5V 2009/2165
RAM 4140/31921MB (lfb 3320x4MB) SWAP 0/15960MB (cached 0MB) CPU [0%@1190,33%@1190,0%@1190,0%@1190,off,off,off,off] EMC_FREQ 5%@1065 GR3D_FREQ 14%@420 APE 150 MTS fg 0% bg 11% AO@25C GPU@24C Tdiode@26C PMIC@50C AUX@24C CPU@25C thermal@24.6C Tboard@26C GPU 619/617 CPU 1394/2376 SOC 1239/1312 CV 0/0 VDDRQ 465/559 SYS5V 1969/2163
RAM 4140/31921MB (lfb 3320x4MB) SWAP 0/15960MB (cached 0MB) CPU [0%@1190,40%@1190,0%@1190,40%@1420,off,off,off,off] EMC_FREQ 4%@1065 GR3D_FREQ 12%@420 APE 150 MTS fg 0% bg 11% AO@25C GPU@24.5C Tdiode@26C PMIC@50C AUX@24C CPU@25C thermal@24.6C Tboard@26C GPU 619/617 CPU 1239/2367 SOC 1239/1311 CV 0/0 VDDRQ 465/558 SYS5V 1969/2162
RAM 4140/31921MB (lfb 3320x4MB) SWAP 0/15960MB (cached 0MB) CPU [0%@1190,50%@1311,25%@1220,50%@1190,off,off,off,off] EMC_FREQ 4%@1065 GR3D_FREQ 22%@420 APE 150 MTS fg 0% bg 10% AO@25C GPU@24.5C Tdiode@26C PMIC@50C AUX@24C CPU@25.5C thermal@24.6C Tboard@26C GPU 619/617 CPU 1239/2359 SOC 1239/1311 CV 0/0 VDDRQ 465/557 SYS5V 1969/2160
RAM 4140/31921MB (lfb 3320x4MB) SWAP 0/15960MB (cached 0MB) CPU [33%@2111,25%@2111,50%@2111,50%@2112,off,off,off,off] EMC_FREQ 4%@1065 GR3D_FREQ 7%@420 APE 150 MTS fg 0% bg 11% AO@24.5C GPU@24.5C Tdiode@26C PMIC@50C AUX@24C CPU@25.5C thermal@24.6C Tboard@26C GPU 619/617 CPU 1239/2350 SOC 1239/1310 CV 0/0 VDDRQ 465/557 SYS5V 1969/2159
RAM 4140/31921MB (lfb 3320x4MB) SWAP 0/15960MB (cached 0MB) CPU [40%@2187,0%@2187,100%@2187,0%@2187,off,off,off,off] EMC_FREQ 3%@1331 GR3D_FREQ 55%@420 APE 150 MTS fg 0% bg 6% AO@24.5C GPU@24.5C Tdiode@26.25C PMIC@50C AUX@24C CPU@25.5C thermal@24.6C Tboard@26C GPU 619/617 CPU 1239/2342 SOC 1239/1310 CV 0/0 VDDRQ 465/556 SYS5V 2009/2158
RAM 4140/31921MB (lfb 3320x4MB) SWAP 0/15960MB (cached 0MB) CPU [0%@2187,0%@2187,50%@2187,0%@2186,off,off,off,off] EMC_FREQ 3%@1331 GR3D_FREQ 7%@420 APE 150 MTS fg 0% bg 7% AO@25C GPU@24.5C Tdiode@26.25C PMIC@50C AUX@24C CPU@25C thermal@24.6C Tboard@26C GPU 619/617 CPU 1394/2335 SOC 1239/1309 CV 0/0 VDDRQ 465/555 SYS5V 2009/2156
RAM 4140/31921MB (lfb 3320x4MB) SWAP 0/15960MB (cached 0MB) CPU [33%@2186,25%@1740,50%@1495,25%@1495,off,off,off,off] EMC_FREQ 4%@1065 GR3D_FREQ 6%@420 APE 150 MTS fg 0% bg 4% AO@25C GPU@24.5C Tdiode@26.25C PMIC@50C AUX@24C CPU@25C thermal@24.6C Tboard@26C GPU 619/617 CPU 1394/2328 SOC 1239/1309 CV 0/0 VDDRQ 465/555 SYS5V 2009/2155
RAM 4140/31921MB (lfb 3320x4MB) SWAP 0/15960MB (cached 0MB) CPU [25%@2187,0%@2187,33%@2187,66%@2187,off,off,off,off] EMC_FREQ 4%@1065 GR3D_FREQ 6%@420 APE 150 MTS fg 0% bg 2% AO@25C GPU@24C Tdiode@26.25C PMIC@50C AUX@24C CPU@25.5C thermal@24.6C Tboard@26C GPU 619/617 CPU 1394/2321 SOC 1239/1308 CV 0/0 VDDRQ 465/554 SYS5V 2009/2154
RAM 4140/31921MB (lfb 3320x4MB) SWAP 0/15960MB (cached 0MB) CPU [60%@2186,0%@2187,50%@2187,25%@1804,off,off,off,off] EMC_FREQ 4%@1065 GR3D_FREQ 10%@420 APE 150 MTS fg 0% bg 4% AO@24.5C GPU@24.5C Tdiode@26.25C PMIC@50C AUX@24C CPU@25.5C thermal@24.6C Tboard@26C GPU 619/617 CPU 1394/2314 SOC 1239/1308 CV 0/0 VDDRQ 465/553 SYS5V 2009/2153
RAM 4140/31921MB (lfb 3320x4MB) SWAP 0/15960MB (cached 0MB) CPU [0%@2188,25%@1659,75%@1190,0%@1190,off,off,off,off] EMC_FREQ 4%@1065 GR3D_FREQ 10%@420 APE 150 MTS fg 0% bg 13% AO@24.5C GPU@24C Tdiode@26.25C PMIC@50C AUX@24C CPU@25C thermal@24.6C Tboard@26C GPU 619/617 CPU 1394/2308 SOC 1239/1307 CV 0/0 VDDRQ 465/553 SYS5V 2009/2152
RAM 4140/31921MB (lfb 3320x4MB) SWAP 0/15960MB (cached 0MB) CPU [50%@1190,60%@2187,75%@2187,25%@2187,off,off,off,off] EMC_FREQ 4%@1065 GR3D_FREQ 10%@420 APE 150 MTS fg 3% bg 8% AO@24.5C GPU@24.5C Tdiode@26.25C PMIC@50C AUX@24C CPU@25.5C thermal@24.6C Tboard@26C GPU 619/617 CPU 1394/2301 SOC 1239/1307 CV 0/0 VDDRQ 465/552 SYS5V 2049/2151
RAM 4140/31921MB (lfb 3320x4MB) SWAP 0/15960MB (cached 0MB) CPU [75%@2187,100%@2187,33%@2187,0%@2187,off,off,off,off] EMC_FREQ 3%@1331 GR3D_FREQ 83%@420 APE 150 MTS fg 0% bg 3% AO@25C GPU@24.5C Tdiode@26C PMIC@50C AUX@24C CPU@25.5C thermal@24.6C Tboard@26C GPU 619/617 CPU 1548/2296 SOC 1239/1306 CV 0/0 VDDRQ 465/551 SYS5V 2049/2151
RAM 4140/31921MB (lfb 3320x4MB) SWAP 0/15960MB (cached 0MB) CPU [50%@1573,50%@1572,0%@1572,50%@1572,off,off,off,off] EMC_FREQ 3%@1331 GR3D_FREQ 78%@522 APE 150 MTS fg 0% bg 16% AO@25C GPU@24.5C Tdiode@26C PMIC@50C AUX@24C CPU@25.5C thermal@24.6C Tboard@26C GPU 619/617 CPU 1548/2290 SOC 1239/1306 CV 0/0 VDDRQ 465/551 SYS5V 2049/2150
RAM 4140/31921MB (lfb 3320x4MB) SWAP 0/15960MB (cached 0MB) CPU [33%@2187,50%@2186,50%@2187,33%@2186,off,off,off,off] EMC_FREQ 3%@1331 GR3D_FREQ 49%@522 APE 150 MTS fg 0% bg 7% AO@24.5C GPU@24.5C Tdiode@26C PMIC@50C AUX@24C CPU@25.5C thermal@24.6C Tboard@26C GPU 619/617 CPU 1703/2286 SOC 1239/1305 CV 0/0 VDDRQ 464/550 SYS5V 2049/2149
RAM 4141/31921MB (lfb 3320x4MB) SWAP 0/15960MB (cached 0MB) CPU [0%@1879,0%@1879,0%@1879,0%@1879,off,off,off,off] EMC_FREQ 4%@1331 GR3D_FREQ 48%@522 APE 150 MTS fg 0% bg 1% AO@25C GPU@24.5C Tdiode@26C PMIC@50C AUX@24C CPU@25.5C thermal@24.6C Tboard@26C GPU 619/617 CPU 1703/2282 SOC 1239/1305 CV 0/0 VDDRQ 619/551 SYS5V 2049/2148
RAM 4140/31921MB (lfb 3320x4MB) SWAP 0/15960MB (cached 0MB) CPU [33%@1190,0%@1190,0%@1190,25%@1255,off,off,off,off] EMC_FREQ 5%@1065 GR3D_FREQ 10%@522 APE 150 MTS fg 0% bg 2% AO@25C GPU@24.5C Tdiode@26C PMIC@50C AUX@24C CPU@25C thermal@24.6C Tboard@26C GPU 619/617 CPU 1548/2277 SOC 1239/1304 CV 0/0 VDDRQ 465/550 SYS5V 2049/2148
RAM 4141/31921MB (lfb 3320x4MB) SWAP 0/15960MB (cached 0MB) CPU [33%@1190,0%@1190,0%@1257,0%@1265,off,off,off,off] EMC_FREQ 4%@1065 GR3D_FREQ 0%@522 APE 150 MTS fg 0% bg 2% AO@25C GPU@24.5C Tdiode@26C PMIC@50C AUX@24C CPU@25C thermal@24.6C Tboard@26C GPU 619/617 CPU 1548/2272 SOC 1239/1304 CV 0/0 VDDRQ 465/549 SYS5V 2049/2147
RAM 4141/31921MB (lfb 3320x4MB) SWAP 0/15960MB (cached 0MB) CPU [0%@1190,33%@1190,0%@1190,0%@1190,off,off,off,off] EMC_FREQ 4%@1065 GR3D_FREQ 0%@522 APE 150 MTS fg 0% bg 4% AO@24.5C GPU@24.5C Tdiode@26C PMIC@50C AUX@24C CPU@25C thermal@24.6C Tboard@26C GPU 619/617 CPU 1394/2266 SOC 1239/1303 CV 0/0 VDDRQ 465/549 SYS5V 2009/2146
RAM 4140/31921MB (lfb 3320x4MB) SWAP 0/15960MB (cached 0MB) CPU [0%@1190,0%@1190,0%@1190,0%@1190,off,off,off,off] EMC_FREQ 4%@1065 GR3D_FREQ 0%@522 APE 150 MTS fg 0% bg 3% AO@25C GPU@24.5C Tdiode@26C PMIC@50C AUX@24C CPU@25C thermal@24.6C Tboard@26C GPU 619/618 CPU 1394/2260 SOC 1239/1303 CV 0/0 VDDRQ 465/548 SYS5V 2009/2145
RAM 4141/31921MB (lfb 3320x4MB) SWAP 0/15960MB (cached 0MB) CPU [60%@1190,50%@1190,50%@1190,25%@1190,off,off,off,off] EMC_FREQ 4%@1065 GR3D_FREQ 0%@522 APE 150 MTS fg 1% bg 10% AO@24.5C GPU@24.5C Tdiode@26.25C PMIC@50C AUX@24C CPU@25C thermal@24.6C Tboard@26C GPU 619/618 CPU 1239/2253 SOC 1239/1302 CV 0/0 VDDRQ 465/548 SYS5V 2009/2144
RAM 4141/31921MB (lfb 3320x4MB) SWAP 0/15960MB (cached 0MB) CPU [50%@2187,0%@2187,50%@2187,0%@2188,off,off,off,off] EMC_FREQ 3%@1331 GR3D_FREQ 0%@522 APE 150 MTS fg 3% bg 8% AO@24.5C GPU@24.5C Tdiode@26.25C PMIC@50C AUX@24C CPU@25.5C thermal@24.6C Tboard@26C GPU 619/618 CPU 1394/2247 SOC 1239/1302 CV 0/0 VDDRQ 465/547 SYS5V 2009/2143
RAM 4141/31921MB (lfb 3320x4MB) SWAP 0/15960MB (cached 0MB) CPU [0%@1727,0%@1651,20%@1727,0%@1697,off,off,off,off] EMC_FREQ 4%@1065 GR3D_FREQ 0%@522 APE 150 MTS fg 0% bg 6% AO@25C GPU@24.5C Tdiode@26.25C PMIC@50C AUX@24C CPU@25.5C thermal@24.6C Tboard@26C GPU 619/618 CPU 1394/2242 SOC 1239/1302 CV 0/0 VDDRQ 465/547 SYS5V 2009/2142
RAM 4141/31921MB (lfb 3320x4MB) SWAP 0/15960MB (cached 0MB) CPU [33%@1344,25%@1343,0%@1343,25%@1344,off,off,off,off] EMC_FREQ 4%@1065 GR3D_FREQ 2%@522 APE 150 MTS fg 0% bg 4% AO@25C GPU@24C Tdiode@26.25C PMIC@50C AUX@24C CPU@25C thermal@24.6C Tboard@26C GPU 619/618 CPU 1394/2236 SOC 1239/1301 CV 0/0 VDDRQ 465/546 SYS5V 2009/2142
RAM 4140/31921MB (lfb 3320x4MB) SWAP 0/15960MB (cached 0MB) CPU [0%@1190,0%@1190,0%@1190,0%@1190,off,off,off,off] EMC_FREQ 4%@1065 GR3D_FREQ 0%@522 APE 150 MTS fg 0% bg 3% AO@25C GPU@24.5C Tdiode@26.25C PMIC@50C AUX@24C CPU@25C thermal@24.6C Tboard@26C GPU 619/618 CPU 1239/2229 SOC 1239/1301 CV 0/0 VDDRQ 465/545 SYS5V 1969/2140
RAM 4140/31921MB (lfb 3320x4MB) SWAP 0/15960MB (cached 0MB) CPU [33%@1190,33%@1190,0%@1190,0%@1190,off,off,off,off] EMC_FREQ 4%@1065 GR3D_FREQ 0%@522 APE 150 MTS fg 0% bg 3% AO@24.5C GPU@24.5C Tdiode@26.25C PMIC@50C AUX@24C CPU@25C thermal@24.6C Tboard@26C GPU 619/618 CPU 1239/2223 SOC 1239/1300 CV 0/0 VDDRQ 465/545 SYS5V 1969/2139
RAM 4140/31921MB (lfb 3320x4MB) SWAP 0/15960MB (cached 0MB) CPU [0%@1190,0%@1190,0%@1190,0%@1190,off,off,off,off] EMC_FREQ 4%@1065 GR3D_FREQ 0%@522 APE 150 MTS fg 0% bg 1% AO@25C GPU@24C Tdiode@26.25C PMIC@50C AUX@24C CPU@25C thermal@24.6C Tboard@26C GPU 619/618 CPU 1239/2217 SOC 1239/1300 CV 0/0 VDDRQ 465/544 SYS5V 1969/2138
RAM 4140/31921MB (lfb 3320x4MB) SWAP 0/15960MB (cached 0MB) CPU [0%@1190,33%@1190,0%@1190,0%@1190,off,off,off,off] EMC_FREQ 4%@1065 GR3D_FREQ 0%@522 APE 150 MTS fg 0% bg 8% AO@25C GPU@24C Tdiode@26.25C PMIC@50C AUX@24C CPU@25C thermal@24.6C Tboard@26C GPU 620/618 CPU 1239/2210 SOC 1239/1299 CV 0/0 VDDRQ 465/544 SYS5V 1969/2137
RAM 4140/31921MB (lfb 3320x4MB) SWAP 0/15960MB (cached 0MB) CPU [0%@1190,0%@1190,0%@1190,0%@1190,off,off,off,off] EMC_FREQ 4%@1065 GR3D_FREQ 0%@522 APE 150 MTS fg 0% bg 4% AO@25C GPU@24.5C Tdiode@26.25C PMIC@50C AUX@24C CPU@25C thermal@24.6C Tboard@26C GPU 620/618 CPU 1084/2203 SOC 1239/1299 CV 0/0 VDDRQ 465/543 SYS5V 1969/2136
RAM 4140/31921MB (lfb 3320x4MB) SWAP 0/15960MB (cached 0MB) CPU [25%@1550,0%@1420,0%@1420,0%@1420,off,off,off,off] EMC_FREQ 4%@1065 GR3D_FREQ 0%@522 APE 150 MTS fg 0% bg 19% AO@25C GPU@24.5C Tdiode@26.25C PMIC@50C AUX@24C CPU@25C thermal@24.6C Tboard@26C GPU 620/618 CPU 1084/2196 SOC 1239/1299 CV 0/0 VDDRQ 465/543 SYS5V 1929/2135
RAM 4140/31921MB (lfb 3320x4MB) SWAP 0/15960MB (cached 0MB) CPU [33%@1190,0%@1190,0%@1190,25%@1190,off,off,off,off] EMC_FREQ 4%@1065 GR3D_FREQ 0%@522 APE 150 MTS fg 0% bg 4% AO@24.5C GPU@24.5C Tdiode@26.25C PMIC@50C AUX@24C CPU@25C thermal@24.6C Tboard@26C GPU 620/618 CPU 1084/2189 SOC 1239/1298 CV 0/0 VDDRQ 465/542 SYS5V 1929/2133
RAM 4140/31921MB (lfb 3320x4MB) SWAP 0/15960MB (cached 0MB) CPU [0%@1190,33%@1190,0%@1190,0%@1190,off,off,off,off] EMC_FREQ 4%@1065 GR3D_FREQ 0%@522 APE 150 MTS fg 0% bg 1% AO@24.5C GPU@24C Tdiode@26.25C PMIC@50C AUX@24C CPU@25C thermal@24.6C Tboard@26C GPU 465/617 CPU 1084/2182 SOC 1239/1298 CV 0/0 VDDRQ 465/542 SYS5V 1929/2132
RAM 4140/31921MB (lfb 3320x4MB) SWAP 0/15960MB (cached 0MB) CPU [0%@1190,33%@1190,0%@1190,0%@1190,off,off,off,off] EMC_FREQ 4%@1065 GR3D_FREQ 0%@522 APE 150 MTS fg 0% bg 2% AO@25C GPU@24C Tdiode@26.25C PMIC@50C AUX@24C CPU@25C thermal@24.6C Tboard@26C GPU 465/616 CPU 1084/2175 SOC 1239/1298 CV 0/0 VDDRQ 465/541 SYS5V 1929/2131
RAM 4140/31921MB (lfb 3320x4MB) SWAP 0/15960MB (cached 0MB) CPU [0%@1190,0%@1190,0%@1190,0%@1190,off,off,off,off] EMC_FREQ 4%@1065 GR3D_FREQ 0%@522 APE 150 MTS fg 0% bg 3% AO@24.5C GPU@24C Tdiode@26.25C PMIC@50C AUX@24C CPU@25C thermal@24.6C Tboard@26C GPU 465/615 CPU 929/2167 SOC 1239/1297 CV 0/0 VDDRQ 465/541 SYS5V 1929/2130
RAM 4140/31921MB (lfb 3320x4MB) SWAP 0/15960MB (cached 0MB) CPU [33%@1190,0%@1190,33%@1190,0%@1190,off,off,off,off] EMC_FREQ 3%@1065 GR3D_FREQ 0%@522 APE 150 MTS fg 0% bg 3% AO@24.5C GPU@24.5C Tdiode@26.25C PMIC@50C AUX@24C CPU@25C thermal@24.6C Tboard@26C GPU 465/614 CPU 930/2160 SOC 1239/1297 CV 0/0 VDDRQ 465/540 SYS5V 1929/2128
RAM 4140/31921MB (lfb 3320x4MB) SWAP 0/15960MB (cached 0MB) CPU [0%@1190,0%@1190,0%@1190,0%@1190,off,off,off,off] EMC_FREQ 3%@1065 GR3D_FREQ 0%@522 APE 150 MTS fg 0% bg 0% AO@25C GPU@24.5C Tdiode@26.25C PMIC@50C AUX@24C CPU@25C thermal@24.6C Tboard@26C GPU 465/613 CPU 930/2152 SOC 1240/1297 CV 0/0 VDDRQ 465/540 SYS5V 1929/2127
RAM 4140/31921MB (lfb 3320x4MB) SWAP 0/15960MB (cached 0MB) CPU [66%@1190,0%@1190,0%@1190,0%@1190,off,off,off,off] EMC_FREQ 3%@1065 GR3D_FREQ 0%@522 APE 150 MTS fg 0% bg 2% AO@24.5C GPU@24C Tdiode@26.25C PMIC@50C AUX@24C CPU@25C thermal@24.6C Tboard@26C GPU 465/612 CPU 930/2145 SOC 1240/1296 CV 0/0 VDDRQ 465/540 SYS5V 1889/2126
RAM 4140/31921MB (lfb 3320x4MB) SWAP 0/15960MB (cached 0MB) CPU [0%@1190,0%@1190,0%@1190,0%@1190,off,off,off,off] EMC_FREQ 3%@1065 GR3D_FREQ 0%@522 APE 150 MTS fg 0% bg 4% AO@24.5C GPU@24C Tdiode@26.25C PMIC@50C AUX@24C CPU@25C thermal@24.6C Tboard@26C GPU 465/611 CPU 930/2137 SOC 1240/1296 CV 0/0 VDDRQ 465/539 SYS5V 1889/2124
RAM 4140/31921MB (lfb 3320x4MB) SWAP 0/15960MB (cached 0MB) CPU [33%@1190,0%@1190,0%@1190,0%@1190,off,off,off,off] EMC_FREQ 3%@1065 GR3D_FREQ 0%@522 APE 150 MTS fg 0% bg 6% AO@25C GPU@24C Tdiode@26.25C PMIC@50C AUX@24C CPU@25C thermal@24.6C Tboard@26C GPU 465/610 CPU 930/2130 SOC 1085/1295 CV 0/0 VDDRQ 310/538 SYS5V 1889/2123
RAM 4140/31921MB (lfb 3320x4MB) SWAP 0/15960MB (cached 0MB) CPU [0%@1190,33%@1190,0%@1190,0%@1190,off,off,off,off] EMC_FREQ 3%@1065 GR3D_FREQ 0%@522 APE 150 MTS fg 0% bg 5% AO@25C GPU@24C Tdiode@26C PMIC@50C AUX@24C CPU@25C thermal@24.6C Tboard@26C GPU 465/609 CPU 775/2122 SOC 1085/1293 CV 0/0 VDDRQ 310/536 SYS5V 1889/2121
RAM 4140/31921MB (lfb 3320x4MB) SWAP 0/15960MB (cached 0MB) CPU [0%@1190,33%@1190,0%@1190,25%@1190,off,off,off,off] EMC_FREQ 3%@1065 GR3D_FREQ 0%@522 APE 150 MTS fg 0% bg 1% AO@25C GPU@24C Tdiode@26C PMIC@50C AUX@24C CPU@25C thermal@24.6C Tboard@26C GPU 465/608 CPU 775/2114 SOC 1085/1292 CV 0/0 VDDRQ 310/535 SYS5V 1889/2120
RAM 4140/31921MB (lfb 3320x4MB) SWAP 0/15960MB (cached 0MB) CPU [33%@1190,33%@1190,0%@1190,0%@1190,off,off,off,off] EMC_FREQ 3%@1065 GR3D_FREQ 0%@522 APE 150 MTS fg 0% bg 3% AO@25C GPU@24C Tdiode@26C PMIC@50C AUX@24C CPU@25C thermal@24.6C Tboard@26C GPU 465/608 CPU 775/2106 SOC 1085/1291 CV 0/0 VDDRQ 310/534 SYS5V 1889/2119
RAM 4140/31921MB (lfb 3320x4MB) SWAP 0/15960MB (cached 0MB) CPU [0%@1190,33%@1190,25%@1190,0%@1190,off,off,off,off] EMC_FREQ 3%@1065 GR3D_FREQ 0%@522 APE 150 MTS fg 0% bg 3% AO@25C GPU@24C Tdiode@26C PMIC@50C AUX@24C CPU@25C thermal@24.6C Tboard@26C GPU 465/607 CPU 775/2098 SOC 1085/1290 CV 0/0 VDDRQ 310/532 SYS5V 1889/2117
RAM 4140/31921MB (lfb 3320x4MB) SWAP 0/15960MB (cached 0MB) CPU [0%@1190,0%@1190,0%@1190,0%@1190,off,off,off,off] EMC_FREQ 3%@1065 GR3D_FREQ 0%@522 APE 150 MTS fg 0% bg 3% AO@25C GPU@24.5C Tdiode@26C PMIC@50C AUX@24C CPU@25C thermal@24.6C Tboard@26C GPU 465/606 CPU 775/2090 SOC 1085/1288 CV 0/0 VDDRQ 310/531 SYS5V 1889/2116
RAM 4140/31921MB (lfb 3320x4MB) SWAP 0/15960MB (cached 0MB) CPU [33%@1190,0%@1190,0%@1190,0%@1190,off,off,off,off] EMC_FREQ 3%@1065 GR3D_FREQ 0%@522 APE 150 MTS fg 0% bg 4% AO@25C GPU@24.5C Tdiode@26C PMIC@50C AUX@24C CPU@25C thermal@24.6C Tboard@26C GPU 465/605 CPU 775/2083 SOC 1085/1287 CV 0/0 VDDRQ 310/530 SYS5V 1889/2115
RAM 4140/31921MB (lfb 3320x4MB) SWAP 0/15960MB (cached 0MB) CPU [0%@1190,0%@1190,0%@1190,0%@1190,off,off,off,off] EMC_FREQ 3%@1065 GR3D_FREQ 0%@522 APE 150 MTS fg 0% bg 0% AO@25C GPU@24C Tdiode@26C PMIC@50C AUX@24C CPU@25C thermal@24.6C Tboard@26C GPU 465/604 CPU 775/2075 SOC 1085/1286 CV 0/0 VDDRQ 310/528 SYS5V 1889/2113
RAM 4140/31921MB (lfb 3320x4MB) SWAP 0/15960MB (cached 0MB) CPU [50%@1190,0%@1190,0%@1190,0%@1190,off,off,off,off] EMC_FREQ 3%@1065 GR3D_FREQ 0%@522 APE 150 MTS fg 0% bg 0% AO@25C GPU@24.5C Tdiode@26C PMIC@50C AUX@24C CPU@25C thermal@24.6C Tboard@26C GPU 465/604 CPU 775/2068 SOC 1085/1285 CV 0/0 VDDRQ 310/527 SYS5V 1889/2112
RAM 4140/31921MB (lfb 3320x4MB) SWAP 0/15960MB (cached 0MB) CPU [33%@1190,0%@1190,0%@1190,0%@1190,off,off,off,off] EMC_FREQ 3%@1065 GR3D_FREQ 0%@522 APE 150 MTS fg 0% bg 0% AO@25C GPU@24.5C Tdiode@26C PMIC@50C AUX@24C CPU@25C thermal@24.6C Tboard@26C GPU 465/603 CPU 775/2060 SOC 1085/1284 CV 0/0 VDDRQ 310/526 SYS5V 1889/2111
RAM 4140/31921MB (lfb 3320x4MB) SWAP 0/15960MB (cached 0MB) CPU [33%@1190,0%@1190,0%@1190,0%@1190,off,off,off,off] EMC_FREQ 2%@1331 GR3D_FREQ 0%@522 APE 150 MTS fg 0% bg 2% AO@25C GPU@24C Tdiode@26C PMIC@50C AUX@24C CPU@25C thermal@24.6C Tboard@26C GPU 465/602 CPU 775/2053 SOC 1085/1283 CV 0/0 VDDRQ 310/525 SYS5V 1889/2110
RAM 4140/31921MB (lfb 3320x4MB) SWAP 0/15960MB (cached 0MB) CPU [0%@1190,0%@1190,0%@1190,0%@1190,off,off,off,off] EMC_FREQ 3%@1065 GR3D_FREQ 0%@522 APE 150 MTS fg 0% bg 4% AO@25C GPU@24C Tdiode@26C PMIC@50C AUX@24C CPU@25C thermal@24.6C Tboard@26C GPU 465/601 CPU 620/2045 SOC 1085/1281 CV 0/0 VDDRQ 310/524 SYS5V 1889/2108
RAM 4140/31921MB (lfb 3320x4MB) SWAP 0/15960MB (cached 0MB) CPU [33%@1190,33%@1190,0%@1190,0%@1190,off,off,off,off] EMC_FREQ 3%@1065 GR3D_FREQ 0%@522 APE 150 MTS fg 0% bg 1% AO@24.5C GPU@24C Tdiode@26C PMIC@50C AUX@24C CPU@25C thermal@24.6C Tboard@26C GPU 465/600 CPU 620/2037 SOC 1085/1280 CV 0/0 VDDRQ 310/522 SYS5V 1889/2107
RAM 4140/31921MB (lfb 3320x4MB) SWAP 0/15960MB (cached 0MB) CPU [33%@1190,0%@1190,33%@1190,0%@1190,off,off,off,off] EMC_FREQ 3%@1065 GR3D_FREQ 0%@522 APE 150 MTS fg 0% bg 1% AO@25C GPU@24C Tdiode@26C PMIC@50C AUX@24C CPU@25C thermal@24.6C Tboard@26C GPU 465/600 CPU 620/2029 SOC 1085/1279 CV 0/0 VDDRQ 310/521 SYS5V 1889/2106
RAM 4140/31921MB (lfb 3320x4MB) SWAP 0/15960MB (cached 0MB) CPU [0%@1190,0%@1190,0%@1190,33%@1190,off,off,off,off] EMC_FREQ 2%@1065 GR3D_FREQ 0%@522 APE 150 MTS fg 0% bg 10% AO@25C GPU@24C Tdiode@26C PMIC@50C AUX@24C CPU@25C thermal@24.6C Tboard@26C GPU 465/599 CPU 620/2021 SOC 1085/1278 CV 0/0 VDDRQ 310/520 SYS5V 1889/2105
RAM 4140/31921MB (lfb 3320x4MB) SWAP 0/15960MB (cached 0MB) CPU [33%@1190,50%@1190,0%@1190,0%@1190,off,off,off,off] EMC_FREQ 2%@1065 GR3D_FREQ 8%@522 APE 150 MTS fg 0% bg 1% AO@25C GPU@24C Tdiode@26C PMIC@50C AUX@24C CPU@25C thermal@24.3C Tboard@26C GPU 465/598 CPU 620/2013 SOC 1085/1277 CV 0/0 VDDRQ 310/519 SYS5V 1889/2103
RAM 4140/31921MB (lfb 3320x4MB) SWAP 0/15960MB (cached 0MB) CPU [0%@1190,33%@1190,0%@1190,0%@1190,off,off,off,off] EMC_FREQ 2%@1065 GR3D_FREQ 0%@522 APE 150 MTS fg 0% bg 2% AO@25C GPU@24C Tdiode@26C PMIC@50C AUX@24C CPU@25C thermal@24.3C Tboard@26C GPU 465/597 CPU 620/2006 SOC 1085/1276 CV 0/0 VDDRQ 310/518 SYS5V 1889/2102
RAM 4140/31921MB (lfb 3320x4MB) SWAP 0/15960MB (cached 0MB) CPU [33%@1190,0%@1190,0%@1190,0%@1190,off,off,off,off] EMC_FREQ 2%@1065 GR3D_FREQ 0%@522 APE 150 MTS fg 0% bg 2% AO@25C GPU@24.5C Tdiode@26C PMIC@50C AUX@24C CPU@25C thermal@24.3C Tboard@26C GPU 465/597 CPU 620/1998 SOC 1085/1275 CV 0/0 VDDRQ 310/516 SYS5V 1889/2101
